CREATE DATABASE  IF NOT EXISTS `servicioschacra` /*!40100 DEFAULT CHARACTER SET utf8mb4 COLLATE utf8mb4_0900_ai_ci */ /*!80016 DEFAULT ENCRYPTION='N' */;
USE `servicioschacra`;
-- MySQL dump 10.13  Distrib 8.0.33, for Win64 (x86_64)
--
-- Host: localhost    Database: servicioschacra
-- ------------------------------------------------------
-- Server version	8.0.33

/*!40101 SET @OLD_CHARACTER_SET_CLIENT=@@CHARACTER_SET_CLIENT */;
/*!40101 SET @OLD_CHARACTER_SET_RESULTS=@@CHARACTER_SET_RESULTS */;
/*!40101 SET @OLD_COLLATION_CONNECTION=@@COLLATION_CONNECTION */;
/*!50503 SET NAMES utf8 */;
/*!40103 SET @OLD_TIME_ZONE=@@TIME_ZONE */;
/*!40103 SET TIME_ZONE='+00:00' */;
/*!40014 SET @OLD_UNIQUE_CHECKS=@@UNIQUE_CHECKS, UNIQUE_CHECKS=0 */;
/*!40014 SET @OLD_FOREIGN_KEY_CHECKS=@@FOREIGN_KEY_CHECKS, FOREIGN_KEY_CHECKS=0 */;
/*!40101 SET @OLD_SQL_MODE=@@SQL_MODE, SQL_MODE='NO_AUTO_VALUE_ON_ZERO' */;
/*!40111 SET @OLD_SQL_NOTES=@@SQL_NOTES, SQL_NOTES=0 */;

--
-- Table structure for table `administrador`
--

DROP TABLE IF EXISTS `administrador`;
/*!40101 SET @saved_cs_client     = @@character_set_client */;
/*!50503 SET character_set_client = utf8mb4 */;
CREATE TABLE `administrador` (
  `id` varchar(255) NOT NULL,
  `alta` bit(1) NOT NULL,
  `domicilio` varchar(255) DEFAULT NULL,
  `email` varchar(255) DEFAULT NULL,
  `nombre` varchar(255) DEFAULT NULL,
  `password` varchar(255) DEFAULT NULL,
  `rol` varchar(255) DEFAULT NULL,
  `telefono` varchar(255) DEFAULT NULL,
  PRIMARY KEY (`id`)
) ENGINE=InnoDB DEFAULT CHARSET=utf8mb4 COLLATE=utf8mb4_0900_ai_ci;
/*!40101 SET character_set_client = @saved_cs_client */;

--
-- Dumping data for table `administrador`
--

LOCK TABLES `administrador` WRITE;
/*!40000 ALTER TABLE `administrador` DISABLE KEYS */;
/*!40000 ALTER TABLE `administrador` ENABLE KEYS */;
UNLOCK TABLES;

--
-- Table structure for table `imagen`
--

DROP TABLE IF EXISTS `imagen`;
/*!40101 SET @saved_cs_client     = @@character_set_client */;
/*!50503 SET character_set_client = utf8mb4 */;
CREATE TABLE `imagen` (
  `id` varchar(255) NOT NULL,
  `contenido` longblob,
  `mime` varchar(255) DEFAULT NULL,
  `nombre` varchar(255) DEFAULT NULL,
  PRIMARY KEY (`id`)
) ENGINE=InnoDB DEFAULT CHARSET=utf8mb4 COLLATE=utf8mb4_0900_ai_ci;
/*!40101 SET character_set_client = @saved_cs_client */;

--
-- Dumping data for table `imagen`
--

LOCK TABLES `imagen` WRITE;
/*!40000 ALTER TABLE `imagen` DISABLE KEYS */;
INSERT INTO `imagen` VALUES ('1cee82e2-c473-4c87-b4cb-8f6f19cf44ba',_binary 'PNG\r\n\Z\n\0\0\0\rIHDR\0\0\0@\0\0\0@\0\0\0\\0\0\0	pHYs\0\0\0\0\0\0\0\PLTEGpL\0\0\0\0\0\0\0\0\0\0\0\0\0\0\0\0\0\0\0\0\0\0\0\0\0\0\0\0\0\0\0\0\0\0\0\0\0\0\0\0\0\0\0\0\0\0\0\0\0\0\0\0\0\0\0\0\0\0\0\0\0\0\0\0\0\0\0\0\0\0\0\0\0\0\0\0\0\0\0\0\0\0\0\0\0\0\0\0\0\0\0\0\0\0\0\0\0\0\0\0\0\0\0\0\0\0\0\0\0\0\0\0\0\0\0\0\0\0\0\0\0\0\0\0\0\0\0\0\0\0\0\0\0\0\0\0\0\0\0\0\0\0\0\0\0\0\0\0\0\0\0\0\0\0\0\0\0\0\0\0\0\0\0\0\0\0\0\0\0\0\0\0\0\0\0\0\0\0\0\0\0\0\0\0\0\0\0\0\0\0\0\0\0\0\0\0\0\0\0\0\0\0\0\0\0\0\0\0\0\0\0\0\0\0\0\0\0\0\0\0\0\0\0\0\0\0\0\0\0\0\0\0\0\0\0\0\0\0\0\0\0\0\0\0\0\0\0\0\0\0\0\0\0\0\w=\P#\\"\\\3\\0\0\!\r\0wcA2\kUTU>4h?\o\t\r$֤d\ vGi?A\'zz{\K\LU\!q	\iÖ[;\\l׳AABs;#=/R	B3<\qY\]M\\ϴk	\\"W yyzoopZR;j\\\a777:0\!}&vbH3:\\KxdɧoүPC\\"?)\!\0	\r\rB&\0\\ \n\w\0\x\0;\'\u\rb4ئewHX!#X\'b	!Hj\n@&)EeZ\\L[L&{{|C,\r5ƪͪ|JSEj\\ zIG3\ J5)<%\Zh lJm=\1|OB\rѮ.uَ+g 9%\r&`\'<Y\ZA`׍+\}\0\0\0UtRNS\0\?\\e \\\T~c;$Gа\\\\\{\"\'f\\\ĵ\Z\y8\\J\ED\2+>\\0\0IDATX\͗WI\7G\H\{o\\^ճ\8	 *\AΆ\{oW\z,Wlwv\l6\M\\l|\\d\'|>\ݙ\rǽQWKndX3\S:&Gro\^Cݽ^O\\:\;\G	*j\\Z6\\K5_;v\"\nAM\\\,\}	\T\?ڼ\\,05G0\\*0^E3\nhDCfA\'rNx/z\nL\LEe\0\nލେP+E>u\0މ\tgU	P\V 7}h\\#A\\ \"mᣠelR1~ >\i\r\ZA\P\\"~В\4h1@i\z?Gห\0*\\D9\\\E*\k&ӁOmUjqRkF[\C\OW`dz[rDcc/f\Yy\T&	`)*9\4V\[GQSIqXhE\ܦBZ\z`\҅p\E\,2u\W\\o)]\Z\ L6i\IӦ\")E,a24\\\"s\n\ߢ\nCn\Y\TK\\\cp\\\, b\\D[\c\\\usvqVVq9\\0L0mqw\rqp\\*\Me\V\]g]\JdيZN\\r\\rׂ?yʔ\Նg\M#L<\r>\\\yI\\d #Ao\\\{lI\*\\Q8;!\\7?\9\l=̈́\DG y\J%bW٩8&	#T<1O<ª?\\\]0A\/\?\E?\;c;z~\t2~yI\,k{}\a@\m\{\\l\4\s\Kid\9R\8b\B\\	r\\JA8\%a_3|]?tRSV@`ߡܟ~M\*\\\'\{o#i=\\0\0\0\0IENDB`','image/png','archivo'),('43c61ec1-f860-406a-823f-d32170313734',_binary 'RIFF\\0\0WEBPVP8 ԩ\0\00*S>4H%\"#ԍx	cj\Ȓ{P\9\#\\,^qm\,\\o]\\\w\w\P\R}2\\eQ\\!U\_\_`\_\Ot_Ov\'o>տ\G\\ߜd\}Rr\\\\DgW0ׯ{zkoP`\k\'n\?_\?pQ E\\r\r׺vI\ԏM\'s\o(w\W;-8_&v@yR\?\m\\o\h4RI\\wEL:29z_|\ne\'\|hS\rMJLF\pv>*O>`\7*\rUقI\u\0ڵ\C\\Q+Q\\.\R\r\,\P/\\}O\\Vz\\;H$\d\HJn\G\}/\t\:cYk\`R](2\\"΂\\<=F/\n_Hx:FLR;\ZwlVnT\	^\9\?s໛|߆\0S8WA蕸\I\\5j<Xu`x\'O65\\\6\sQqdqU\??m)\\y,^Ae(\\\\3;\S0\J\\ӯx\r ,ewk;o\vQ\\+[\A\q\ޚ\\>092P)&K\\"\G\'\\x\\0$Koj=lk!.\0e\WĶfQC=\dˉ\P,\\#?Ê\y`&\N|w#\ɠޗ\\==(\\\N?q$M/\\8\\}<\q36UblK^g_\\z\\\\r\S5j\Z\JųQ9\n\\Zc@ŉ\q\\\\Zk\ܩ\C	\ZQs\\Z^xUW\Ækh \}=N\s\\\K\\\@8Yprnq\/\\\\\Dџ^,te!\.\\PY\Z\\Dt\v\Z\Gލc1b\J\06e;ҩ\'&0\Y\Zߣ`$ocj\}D\Kj\V\r\QTA_\|_FLBݾچJMvf\ɏqR} ?*\\\\\V\?<4˶4c-tSb\M@hod6\\srhW<\#^!\^=\r\\@\\'1w\ ~r*_\\i_,?/Kwd\]mp7\\Bo\Nkr@A\Z5\A:fW;*Wָ\7ԏˁ\.!wFj\\`\x!\\`z\S\֭e\\۩+⿰\\\A\ړs:ÈP?\*X\\pzb\$\ńF\r\捨p>\^zP\K\"JG|\\NzP\>HDM\Ԋ\d~E+^\K\\ŽW7$#۵\Qӟ\p)TaJ\\H\\U*}aw*b\\+\\hs7ܿJè\/&U\Zظg\82|\EXl-~O\\\obOOG\ӕ+>\ԥ\r\!t\Z9\u\{,,\\Z@y;\t{\L#7?40U\\\n4\SCۅ:SO!Cu\^u\[⸑B\&rT\G\\"{УntǕD͎ݖ }RY\rY.j)K?ɭY]h\vr\ߑڴ/\Zkonl5@\\Zv4D\0=%\ʰ%U溚u_\ryX\%\\j\ce\M}>Y_D\еL\a\S=\\XO֙;0n޿\\\\\173}SW3?\\05\rL\\n\,Jf\\f#84j<Q\ND*~9S-6E%qQj`4꽇~$+>R\[;\ae79Gq\W^i_c\jΪ\r\S}B\"i!zG+\K\\:FW1\\<T߿\Z=I\²&tΜ\˪\f3ZS[\\\ZWRsY29e\գ\6m\Ō!r(<tPG+(T\0%C\\_\n\"C}\~>Τuh\>`G:פ>7U\#\e^x`@\\\N\9Ai0\AUl\֩{	\\\I@9\oZU\"IMlw\_\\{\\\HZ\ږ\\	ˇgڸ\r\<\\\'Dr>,\ZtWQ\$\ٽrhy^6\* W.&r:\"]_\o4j\f_ʐ\=\M\pLXzVށ]\t\\q\(cw\JG/pI:\>R\觲\0mRé\H\-Nh\\ʲ>d\'ҋ\Fn\<@\7[ú\\2i\Yu\\|̛\\0\O\O\a(\e\\a8i聗R%sHnJ\\\*\G5s\.͠%N4b\\\;i\Z\3\\Wׁ\,\%\!>9\\\\\`NYQ98\I8}*\\\cv\\\B\\A\=a\M$\;\\γ\\_30u\\O|>\\݂\GGaX!OQ9KX|;qAf\YJ%\Ob/զ[b6!\+\+\{\>RAnmg-[	,\\\q1\0YWW{\K\4\\c\^ډ\d\s\?郫NChs\ZJBG^	9\SX\.\\\'DN\O\#\\}{	9/^@\\Ė&.	y\r)\?=B\ufbzHS?\\-`{\~\1\\E\]\Dgڌyv\:#,\:d \\\S\Q_\;\\\r\\5\҇\Sk6xiyA`\6\({[[\&.K4jP\jf62G\\\"?-仑]F\\jE<[v$q6;*q׿\'\\:T3Y==\Ju@Xky`\w\n_w\\)C\#,\Z;ZþX\O[\?)X1\\1i\|ܣ\n[\0G\"\%}zD0\gw\r\'\`z\ZM\\Pf4ӓ#\\^v!Ӷ\\<Oi\o\nI?\"\:E\\\0\j\ z(]\<Ծ=V	\\\RPa%0C%qK&⪚~xY=\\܁\|\Y\4\6;r\r<ğ\KȊ\t\&߳\lCXz\"S\tP\<k\\NMrz<Iϕ\;=\oG\Ի-\\r\\Z%r9I\u\\%+Nf\\r_\noꟷh\\\nZ?/\l\H\\̨GK\\{\\%r\'PUsx>Ga	~\'	*|F-85\rJ5by\lk2jY/&C[Ma/\\:w\r\K3G\\\\m\S\\\\Ĳ{o\8F(\J#\ZZzJ3\Zܟ\[5KuPTk\\t7b)\Gm\nY\*7j䴥-7\'	t@\DPTZw\Χ\"^\eY\o/ri}\nU7ʑ<^\^q\Mko\\\fj(᝝\\ؤ:\X\:6~\kǿ	\\\'Iid7\\"n\+\I|;$3mљ@iei-pSZq/.M\Rך@JIX3J\vj\0@\׎̀o\Ε͐R߭Lkߧ&+#4q#\\\\\\^\#4ǹ\ǖ\b CT>s=;<d\؝\l\Z\\8E\r/qHy?X\i[\EV\"\\\r2	h2\\H҂\W^U-]k \ZS\1S\\n%H!h5+\\Z)2n8\ـ\縘\3m\	\i\}{\.l\WqSͱ0R\@Lڞq\\\"ߵ\yd\Z\\4`,\EFi~n\\[zr{ߪ\;/7\,#X[\8ѣ\gJq4\Vs\bo_\Ӷ|3]W\\m>jAD@tə\p$2ĩ`\\}2B_%\\\+\2V\\1\n:y~\Q\)H뾣?9\EiAl\j\\#}K>\\k;9(\_\4;哖\Y\rms\\63i)5d8hJOr{y;N\._3\Z(س\0Q0%L\vanXtUWc\\\;\ \\:57{e/+]SO\a\\\tPfs=\!\sczBFc˒\Hh+5T\0|(&\*M1w0	˹\\\+\_a\|}=\\\W\xJYxh)\\ǅDdݪTG0\,p*ݍ\\\lFq}=M\0\2\9ւ\"o*Hå\<=\K\|M\"\\-jw\"\\D:VZc\\Zxq\\(C%\\/#)C.#S\i\\(l--]LH\6j\@Gs,IKĠ%?\\_f~Ye4nϭ6kq\'&M\\\D2Ĩ69\\\\W \s\=Tb-\m:\ZS\\Z^pI/\k\rrGΝv6x\2+$/nǚ\wr.\|Jvq\\\n\#k\r\'\\rD\ U]g\*=Yc0lG\N~\Db	KL͍*=qD\nY\@/\jU\'u\na\Z\^TuX|\0J\n=Q9ф\0L*\\ZFhho\jbAtFڹ\4̠aa#V\ck#-\{AXҕbS2\\\\\'\\<\Jh\9Bs\nq=#F\yVx\e\\\@[ULz(fd\ht\dˉ\\*\6\~j[	L.<|膿w\\A|;_/V#\\ߐO\nnixkՖ:\ԣa ^9\$K	\\\'\jf\\'\-g\aH7w\5TY\r\&\JL}yRks+\\\+拄{5\A2Qy\\t\+ԼSKc\0\0{̩\\dF\Ef\Ol\\"k\\\Tɝ\\\r\"?\	6C\]ޟ\fO\?m<7$\\\c\>&\"\\^V@\\Zp2/Q#ݘ\--\\\\\b\\<\qk\r\\7Sz\Q ʆ\\K\3!dEҳ\$xQ\r\\nƙ\rdF\3\<q 5k]\)\L\rA\Ӂ#\\uL^\\K\lL8֋x\\X\눕\a,m A\\k$\ơɤh\K\D⠛X\\0igL>b\7BΕV!KoM,$\\+%\RQ$i\ŒpG(I+g\\)\\v\?$,{AC}Vc\R\/_vv\XSE~\đ\l\2\;ٮ\RHx&\rdr\|\u\7BVY\5\\ڨo\\s\|	S|I\[Yގz\Bf\m\Z>Eh}\HW\/4\	A.&\EnGRj_d>`^0\a\k]cD2?_Ҟ\~)Z\Lc\\\$\\k{\ѧIv\<\|q\Sm\|ľsL\|\Sh\8\n^ܓN\Z\ZZ\5mT-\3SH\W\Fx\B+y</rawzRѦ}\\̠\0;\78\3\nb*,\r\gQ\\\P\\ \2y^}ɕS4\\-\oM=\\\"1h=v\FY\۟|H{\S\"\y\N@/._Ke6	s;\\\\Hi\\|]3B+ϯ4a\N\&D}NPMiU\c\[;\Y\J\ȉ\nG\u\ZJ]Al\.c@ltEEQ\/\퐉r1G\"\Ϡbw~Uy>^\\O\T9غAjJR\Wܨ\JIuz?.	LM^\\>k\\I\%\E\Ҙ?ٍ@ɹYS\x~y)\\Y\rz\ِ\-|x%>۶wtue؛-+TsHȏ\cvޯ\\,r\N\Z߲s~\\){1\\\*\Iɝau\\\[yxX !J+g`*W#<4mw\mҶgA\"?\E\\-	\n`\Z\1\r]NVkb.`^\tN\0ũ(3z\Z\nyr܂mksn\55\"a\\ϛ\',m]\\^%\n[IǛ\,\V\#\{\\\\0\"+\F\\\U,\i\\rl_}\s=\"\\\\szWD\rӑ\\K}O\'L\\\(3*\\S.b?\ZD|MrGOֿx\\\r\\n\\\'b3\"1\yo֟WjB\\rNgD7VbWO\+)f鴂[\"~Vs9\"\3\vؐe\hV4\L\M=\Q 6şRnn\O\\n\x`ߣ/E~\؏ww$щԡ|A\\*\\\N̾/}\\ԙ?PWZ\GB=\8\k\\\y\r\\rJXg$\mwt|vNm\r\%\'DR\ҶRϢ$@\\"F\\\4\0r-~*qu\\!\k\࿰,@\WO]K\9p\n70===m[g6\nx)Pl&##[Y\rNC2[\\"x[m0Wj7:2SfGִ\~\P䇧Բ\Y;0\\v\^B\6m6\\0\G\,X\DjYx&8\"@=\3L\n\ l\jf-C7^\x=9!ӈ[Y.YsuK(\',٫$Hj\2\N_y\`:\{N\C\J)\\L\}\@\V\7\/$5j\ZϸvY\\\Q\\*\\\Gp\&\J\0{U\BI\:&\5_G\/\a˶R7{\'\"	\\\dn\yMU\-7ߠ\rmQ2DiaiStP\j҅B`S\\\BBV\H,\cr!\\5H\)\!\ udg\ٙ\|\M$\\m\\f\rR)V1!\M\"\n}tż?D7HH/ZzѴI2Ԙ\24eL\|v10R4}\\H7\6v\7B\~\\g	QŸ;nWg#rƅ^X\G=\\\\\\\ǐչn\2\f\1\\ĝ7;\؁e\J=9N\\\-\[r{R\r\zøKw!ج\0\?\\\r}[-Q<\[\\OȦ \DAܔ֬Pb4\\\\V/L~\\x\1w\/{Q6y,Gbɶb\h*\-\a5F\Ur[]`\8OWD\0g\(Q^^.E&u\l\NC\Z\j\\\nH\\&O\\0\'-\\@$WH\\\nF\(\0o\-m~!<3@S\yœ.$0{;>k[4NC\zD\n\\h\\\a\xl0&YA;6Lg\h}/`v\"ete\:&+Ț[(b)_ky\y\\Em\\\"s\n\\[\ҳ\\=.	\(7ґ{~Ǹ%zD\|]iJS\|j;%f6a;\2ƶ\\@oVlp<R\!)S7\"\K˯c\lD]U\\N \\.\(Y^ݩzwnw8\W6S\,%Mת\&\?XzC\#\%)L|$OH\;Q\c5C]VH\\+ic11O\\k{|w\N|\b\*l\n˼ĤdZ\'YT;2%J`\\\\N@\~\Zڶ\s}\c\\\Vj\0m#{ĳ\dv:\\\E1\"1\Zyj	\\cK\\\[b\\>\y7\mec\EPthl)4\-h\ʽ0?y\C\'E\y?	ȔVS\\AN\G逬\\M\\-\9+Rڑ\\\0\5k2Ve\\rs D>N,o\ \	F]@BZ\^Uו\H\V\\\\\ؽu1DO\\}|!\i\66\dL\r\,@\\Kc~B+c/y#\	m\\"P\ZH\mZ\\\\|1\0?\\&@.\\_@	Z\\\\_U\wD\kwMjVh\\\g\nΛ\V\`@%\\xڸ\]Bo!\5D\ۭE\A $.b\pbFFamU8ӒLg⵩96\eU}\Z\<&#\\\\\FmPW͟\\\\)!JAo>PQì\R-\"X\Z[\r/\«[{֒Or\e1\0#Ωֆ\\,_V\gfg\\oh\zT\rYb:Ew\Z؋\\©\\V\0ѻ\&aхֱ\X-\|\\\_c\ni\\\\\ϺXe\"mH\\!\\\p\qŁyʫCCI\'\έ\ o\q@ǈ\nc\QPoւD\\kņw-g`AUKb.Tl`\\\@\\[\(xUIGg4AՑp\Z\\\ϽbW\sS{/߇7~g5[_vAE5p!K\m& \ڽ:\@OsQ-ȂA#%2\ӌP猐NYuh\Z|\\G\\\I>C\3\s\Z>\\+\\\\'\P)l[pZ;\\;\\[\]\-~QfTڌI~hw\D\\H!\OBM\\X+±0tH$XZ\ɕ\\4Jj=9^_5H2.7j\\9\\c\:\ۥ\)W\n.b<32|Yro\TqPΣ֚ߺ-[\\\K.!}|NzPᐂ\\\\\.,;:\'j\0AI\\UH1Y#B\f:\iֽ՟\\-\(I\\\'tm\LwWpK\\jR#_\\ft\]\r\"љ&\;?+(\'7\\z\\\KMVi\\yPz=(}{fy\r! \(,\dN\0&C\\\{6\"Toy\=\(\\b5g,j\I֙n\\]5wr+:_8GC\\Y+\8oh\~\=xa\d\rN\<&~]\\1\H\ҁD\gX&bUr\0p\;\aTkɒN\UK$#.=I#\۱\\,ΰtM(JwJ#p\XR\e-.׵vWP6\kП\7BR\N8i,DKp\\$oPc\&\0R\6X7\P\\XA+>\9\'/M\P;+.w!\g\\+\0\Ӌ=\\-a\Z\\\5̶it\\\\\\n\nJ\\\cZz-\x*N}kf\\\H$O&JjCCl4[\;\<\B\f\z-9A\r\	\'66\\+4I%N/E7\\AҤc:Wq\ҢQZ2yA˨w=p5qh~M\\\\\=\ze	9GB4gkۇ\9r8-/$Xw\\\'\GT\\r\i<7)UU;2\4	^0M\?eYeW\0\>s^L\\3-\j`ߵ7.E.\\0O[?I\Z;\ŐBHR#(JENBP]-[}\eI\#A~I2;@\sF\E\a5$hw@A\n2%E\M\@J_{Ɓ\=Tӽ礮\D.8qHzv	ѝo\\'8ܤ;𿝞\\nNSs:\\B\<9		\ާ\\0\\0x\K<\I}(4`<GYFظ(Ke\\\b6\_ĜB?7ˎ}\%saڗ`?5^\q\\\Fo\cd\b\ɿ\0w\A\y?`:F\w s4\Kw\Ń\6\拿\8<\"(ʿ\\F卲\\F7@%@T55+\\\\\O\ZKp-K|JV\Q\\\8\c\\O\Z(xEmo	$uQ˳	r\e\\<	w&m@~\\\h΀H,͊9aFFG`Tܗ\{\Zivzwi\\\r8\$?Ʋa \\ETP\Z7\w%\7]2?nL0i!_	\suv?\3֊jbAۉ\ϣϰM\rt\JOn\\\\G\EURi_\\\"Hұ0}8\ZdԝgԻ\nզ4SDwhKٯY&;\\\ͫ-xB]\=N}_\\R\Gsa3=_5b\\B:\#~+ۗٝ\{\\\ZC\g¶`U;D	p 節a\z6q\\\%\'ybD\˹=F`\3\E&\DȌnttm\OA\\\9\{Y\\Z%Ao6H\\E\#U\"ݒd9Ǟ	\lk\H(^\"/\\Aᜳ\mhP\nr\_q\0_ᠳ^<)\\9\'_|\r\\o6mk\Sc\h@<A>\r\\r\0[zKA#;\\\r\p;\Q\nm\ZX.\x$H9\6{يn\n)έR\_\/s*\Z\]s:g|\#M;\n\Ds\4jAᄫM▜VvkͿqE\}6EH\\D-Q\05\5&;ƭݩD`\\Q\BK0\ʲ^ˠr/\6^\KyHI\̓\03fǷ\\X-Ke\{(|\\\\\\\Zk\,xTJy|u3sj\~nTjyW\lv\#*\\\G.ЯQ\\FPc\\<\I\\ϛ?\\0\yG\\~\\#x\V\\\BxcG\~bKXͳ\\mI\'PAV\WV#1\"Vu>\h\U\ \g\)\Z\	UZ	6\B\؉\5\) \_:\U~\\"蹉pq?F\xwWd\f)^\@-5S@\(5x^\W1Z+M(\#\_\/\{0ίfrX5}gy\+D\Зv\nոPM^Hh\ZsAf\o4\\LI)\:[%\I9cR+˺KZ\`=e[yc\\\\Ϡot@ks\'W\YAja+\\\x\ƼC_\\Rd69\@,\A(h\"8ЛH,\\\Mڂ\6\<D@3w	Ƥ7Đ͠Ẹh^\t}Uq\"e[qBյ\6f\\\\`\uC]\~\5%h\`9֨\\\r+qmTt\2\r\'\\65\ڍat2M\0F	Ig\\0\xR&YxW;\'pv&jLй;>a\a\gQwe=	mF\΃\"wo\\3\E\\JY\b\k\N\Uz\n).|\Z\S?\Z\\c\hk{Hw/G\0\\5>ટVU\\~RX\Ұ\\\i\T\d؋ϿX@\Y\:^r?/_y\\\\7%+Y\頹;\z\\1\\)d\\G62Sb\k+ņ\\c4(\\'Us\\\\_#\N&\nRqb\᥌N8_`\n\\\9S.\n\tvm=Hg{\r\0-iB8#ݔ\Ws\@\]%F\0\$rj\\9^\T\Rl\Ћ?SRr\!8 cSPc\n?\p\+Ac\?ҪT8\"a\F\-?\[L?쌬Mʀ6un\b0\1\O؋1\\auE#{\6a>qD\vqcDS\PzuP>\×O.|\r\L\\s\[\\)\Y\\+\.}3tK\hթ?\ﻡhrW\T;I\"u\XQQ!]\Zfܕ\!rPX\H\S\r;V9/\B\nDC<\\.\\\ \&$μ,I\b\K\4]f1xK\>߆?^IT\Y:\N;cĎ1\\\X9\\\ J\\M\F2\l\@Ņ\5;M\ߜ\\<nm\\w\riƴvy j\3@&H`?\6l\".YWեB\\yw(Jn\1`\rE~/10xv\ZT	[LC(q\\\\"*\G\ TZ\w\\"v^s\z\\[}LUK\>\nYeU}\lH_Gǝ\l^\\0f/\c\3Ãg9W5#VU,\Z\ffc\$\\-7oa|\1I\\VRw\\Fɞ\j\\\\P\"2)f:u\\\S\G\zL%\.4\/\DH\"\\"\\cr̉ޢi68 }kԞ[1M\\2\sFνxr\)\\72\jT\3\	:Fl\\.FC\V$[oX+Wz!Q\uô aЀ\rs\l%\\W\\'+j\U\ngq\\\Ef8\xo \$%!\c\'<SO\Yӷf5h \\ȃ\ͪRk\U,E\Lw@d\\D2\:+\nu\s\&]7MhI/jAcjXi-\0R$`؟\8\rrґ\ݔ7E`K\\\op&ub\jE#R\<e\\uC\\\\\\XWj}5\O&oC\'6Cۭ66⟪G\E\!}ySr \F1\\rsĉ\\L\U\\6\\"ճsq3\0)e!\\c6͖Gfai9~G޲V0h\w%r\0.\Vόf\r\n\\-\\y*bOJOĺu3g)\I\\HZ\Q\x\W?G0.U.}|\"\\ \\re6<|x\I\fzkGA1O6\S\e^\5\\\\.\%]Ti96\}ѕC^~T\\\~7\ߤ1Q\\0?\\\j\n`d\^jHs\r)Bq\\\)ߪ_ư|\µN*t5\zw\kc\_/Yܻ\E\.ĩ	x\\%\ķ\\fRְY\0xa\/\\l\nD+\\M\bi\0\\\ɒ\"\Z\\}D<|\Vy\Uʎ˱\\\\~&H?ۄ\rˣy]ƛJ]eI\\-5f_$K}\:!z5\@G3B\0[K\mc5\]P}\	z!zF\wi~2X.b\( >\'<$,G\𬗲O\MZV\K\\hir\ 5`Ǵ;_,E\y~PR\"W*`s\ZC\n^cfW\Q?㙛Bj\\̪yB%\\A\n\rtk:ela\c\*\\óF}\hd\\\\\0Benəvr\+l\\y\Q:\2\\~\\\x\n?6R޵\?\/gL|\\\8o\[\:\a|\2\\i\~?\0Q-t\Zd\\>\e0KZ\:݇\\\\Ծ?7ӛSanZ\:\'\')\ޓF%YQ\un\\\\'K\"\^p\l+(ZҶgy\\uy=u,\@w]\\*\\[xF\\S_$0\M\ \V[\3)%w֧4\\>f\\\\\Rbԏ|\n^,4\nS-i<\n9m\mN\}\67V-JRU\Kph!drRa)\\\EB:M!2.i,\\IAq.\:\\n\xl\9o\AL޺\_a\tח\\'16p\1\X*\S\E\nڼ\=\'3M-\\\PS	\vY\\u2(\Ծ\\U0w\]\\iH}>\_I:\\_\\rr\XuԹU+\IV\eOqf^\\C`G\B\g\`K^A\\\؛\\J\9\@L*\\n\Z;C\\J2e3\\rs9j\ԄC,bb$庍nt\q)WF\aQAI\Z\\K\q_\A\\x*s>\\Ckn\o=KQ\0\X\aaBfsS#VW;d\7N3\\]\\\*P\qveZ&\\\6a\d\l\\\G)\g-\\'Hݴ!\\~5\ \I%\ʧ\vBJ~+fϒ\3[\tZ=c\\F]B: \\ x\P\zHݟ*}ivD\\ߦ\Z\@9|\A{\T\Olz\\NN[bx0ߟ\1)Bne\Wo\HDcE֬\R\%岨;\R\0A;äf1P6\0\`,\r\nsT+d\\C,ҳ\r\F\zp\\-*\뉫^B\SBaS\`5(q|>\-CG}\\0!͂|V\ZJ\>\q\_7=\螩\\\sYFڙM%ד\yT3}R^R\\C=/3\6\\O8\fأT\rn)\˱\?n\,?)<:N\_\\\\\V#\\(\RMpI؞pr\$0\H*lN{#!L\\fСSY9.&;t\5;\-8\Z<xe\+GI\RMp\kf2~*9P\\E4p\Qп\	\\\\5UY\\w\\skY\\go\\\o\5\E`}57S\w\\'WH?\֋q\n\cAZ׹\\Z3Qy)\!^[\qdYhdb\: no\6\mR|\,LڕƲdV.\\\v\κA\Ǌ\~~K\v[,\lxa\G\\?\rZCa&*\n\)\S4;M\JX\åIzL]\<f\^*7\\rK\\X\.\\+\p\\\mا\<\[՗k9.P8S>rpm\"9\\:%MS\=G/v\%\r._U4-\D**%U2=\K\\.{7\Y\_P\\\(˙\׫\'`(M	Εy\!]\nf,yt5A\0T\\Xb1so\>b֎%y}\\=d\r\i\0eWH\۹HQ\J\pOw\)aZ.Q^_\nq(,o]1H\~\Zbr#>S\\*a.\%\Ej\5۸	\ݺ.zOO\\\\v\7ixͅB#ȅ\B\up\8\fϝV\\\}c~h[ƎQox\FN}Q7\я\D!\r+vL[\k:QeH,\r1k4%N#\r\r\Z<M8\\8\*\.:/O\y\i$#\:\c\^.{Hy9 ~6o6\\q\8\nqv;\j4|s\\%,BIR\\ڮǈ?=\i2Z\\@Ce&\cR\\/^ܢgu\_#y\\0t25\\df\u]5\\}r;1_<4\KץnނЭgJ7g\U\m@YCP䑬\\=\A\\i0=*\\\t\`\rmk?\KS\6PwT(\\\˴c\\n\f\wݩVF\«!eUO*v\$\\\LV\\xQOx\T\xÚ=\"\\SC\0\\؃\\=f\@~\v5\\@0Q\hP1\\(/B+f\0x\?U\\\nsT\+\r:QPcUA\z\5XgG6aʇ+?Ş3EzEjI\]{\\+\<t3H \8\\\7%(\⳼7DǄ\{`sTS=\7\\#3\V\mm\Zۑ:7[q\'\ؑ@II\&V\\Gr \U\\#\B2=\8\LpR\[\\z3c\\\\DMi\,@(\i\S\\\0\\T)y03\n\]\\Z \\l\t\\nŶf\\I\6ȧa(6%լ\ .s\ZLgmZR]5F&>|C0	11O^XZq<\WCN؆\o\p*x\oV?\nw\1~\ȯ\:\I\n \n;c*|6~\\0quu/yV\\eS,3\%Z;G?dI\]R΍>n\{\	\Ա?;X}~y\\u7\\VĞ\0r \\\0Hu\\0>\\\nMBޡ/V\\B\n\5\vǗE)O\\	\ˢ\Z.Q\'Nm\"O\T㺻eHGGh\\cE>\Q\o\0G&ˈeE&\-dMLE]\"\<\Z\\4SZ8:q\\\n\(P\Q5KK(M-\͌2}\9FlOzdϏG\\\y,<ΣiW\\Z|\\ߟ\6ra.aa\\NC/Y\0p\@\"\_\kz{~9\	lv]M!UAe{\~\oBE~Gw%ҫٸdl\xJ\\\\\rrjp.73x\\(JQ3s(\\\\Sb@]E\\\_Ub\X?\\dij=ʖ\ZJ\ytd\M\\\'v\\.c\\7=[\ykOX*Ԕbc#z \?/\s:\F\\\\>f\K\m\\#fT\KGL\\\W\0\̿cV\\"\\XQȷff\\[}~ͷ*OY \Q9\Ü\ޢi)\\m=s:\!;\\C\\\ZQ}>]P\s\Q9މ\"z\G\ڈva\0OFlc\rǹҺJPs\pN\\Ϡ+\*[\\w\\0֡\\.Y\R\$c-\\\F\nЬ\\O\\\\\\Y\\'\\fVț\( \r\D\4\nUf\4`jF+\ZL6y|\Z\l\x}q*\rAv\\/:\G״*#ی\S:\9UtO*m\'!\H}y|@$&\as\Q\h\\gy\L\SAg\hR\؅;uD]\\\\\g2ͽMƩ\k\Q\l\\F+C!ak^dT(\d\cT1BGLC6\\s@9fshpLu\8SQ3zf\\\\\+tk%\0\\\gcB]盕x~\=\ep-n1b[?c\cZ8Pv\\J\]\'t\L\`\iOڽ6t7OT#\\R=\\*\\7\ؗ\rȓ\e\\9&{z(y!0\0C|u\\\3wtfw\`\ŉ:ܫcd_`|=\v@x\x$\&<6\.\UZwc\\\\\ac-:f\\\T8\F\0TR\\\c5d%j\)\E27]\\Aq\ZW	V/̓Ǔ\wʷ\8V|\\"h]ōg6;Rb\"\\y\݀uxX\nxyNP\\%\\$>#\SҺ1zi\>\\RߺLq\wмu\KDVvM\E]rK\E\{  \0@V#\ZK\\/҃\4P)o78ȥ\*%Ϩ)\nEכis6:=q*䣠㏕S䔜\\r~Κ;_\඼\r`W\\6\CD d;2\jW+\\Zb\kJ<^nD\T1\熝>[NA[I\#V\\\\n\g\"J\|ڐ2È\\9!k\x~m&X\:\H\\\q\\\KAb\%!!{xp=\]c_!ry\r	\\8E_Z-\F|\\B\\i\CdP&٦=\e\"QD쬳E\Z}\"\"x\Hٚm(`\m\1\\c*[3xG3\\'+=r\|.SQ\B\\\\'#Q\\1Æeg/v\\N	\n\@\\Zꈑ?z\\f\fԴ\n\\#*\9^D$\Ϸe51\iN\OP{c??1!y-\\rD\^\\H1n\;cJB\X\޳M}pB6\ʁ1eN{|\Ra\9\a\\"I\;\MzF\>;\\.,٦H4?mN\D\Q\@y\\o\\nП9(\M<rVJ\ɖW}\)\wn\\k0\\\\\mE\}SI>ZgoՇ.u\\Yӿt\\Z\6gcC\03 \dqAϸ)\\RvSc\rS8bc\\M\p,5xZv5eUnt*_m-\u%\\0)Kmg0\PJ[A8$\*g\P\\n\y\e=\[X\\m$ފ+\%}u\c2\;USKJ\\X1J9z:\\_Ú\\\\"\Ҕ\7\+F\,$\<*RiJE\zK\ۺ_?yQ8	m\0\u5\LRBnm]a\!ita|њ\gSnv¸\\\r!>C7~:\\0\ZRe\\ݾ\n$M)\gXpqx-\B_\\l\v\\\)\*\"Rmn\^%;\\\[*eeSy#8\5=<T8d	\\|\pq&\Q!\T/s4ɸ\0MZ2zv\}<2G\Sۛ%1(ʞjŐ\$S$ R]/\oiA\0^\\\Z\\\rKٶr	\\&\:YX\rO+@\9wK\\L*H\pl\O\/\\\B\\Wk\1\\sCQ\\xPM\\\7Ik#}dMy1\\3Tv8i\\Yq\Hq{^u6{\͙sȎ\\_UCd\q271ʍ>֣\灩s}\\9T\c\_\\0\\\\PmQ\umGbreU9\\'4s6N\\	L\nCQ\$2\y8d[	\\~&{E\\\n\rO\~\\f(\\"?(ܫ?\ké#r_x\X\y;`,׹\c \nZk\7l\ݕh\s~+\D\ZQd\(~9{\\9c	B\+\\Lqwjx\Z;W\F\4<D5a\8(\(\^\\r2X\\j\m\\\3\B\\\9\c6ѵ\\$C\\\!\wZ\L`s:z\\.TGu+bZd\ex<lW\0:\<U^	a@\"IlgO\n\\/vK\Q\\\\^\ra\n	KxR\VTyJ\̚|o\g\\n҃eK\h\E-^\x;]\n1vK(\"D\\(E\e\Rj.\\"͝\\$\#9ͼ\+X1Xatŀ\-TE\MbxZ	k\wC\OWn\\h94\v\ٌ^|T\2/\\3\kK0\E};\'\n*<@P\Z\Y8\۳TG\\\Rꪶuvù\|\'\k\\f\C\6x&MX\D`\&\>市ҍ|\4ڳS47Y\{/M$\r\\ͅZ@$J\\\\9 D9\;\\cofNb\3l8Km.^Bkk*s\۱}/bfcI͹L`\V\\8~#**r~-˯qT\MH,Zu\QM\dQ\\[}+jˋ䮮$zIkmMjIaU&\\nYs\ZG^\r#\\k\kwȲ\qrd(Ul˩9\\/}Sf_AU굌ge\X\sjFK\{\\H\\W\Cd\hBY\\T`vy\\Z7I\\Q\n\m2f/kX	$+͈WbKE2eG\\$h@xs6\\@(+5Hi\0\I/\\y59\\So!\yǘU4\P/֙\Z\ڳVX[c\r:n)\9\Z\{\r(R@@v{\n\UUϧqq\\0H\H\)\\\j}\;/>\\\rIUy5g6D\\_\lԪ\tJB)\_\2TfI\4\"	4H\ma\?\r\\~\bX\i(.8\iw\&)rcz[\\|EM~6]P7mt.7G\t\m\c$^\\{RƧ[tz\0ad,u<\\]rH\\Y!Ɍ\0^\\\ru\\D=v<q0Ռ7$sì@yBuH\'\r\O-\%\rLӯU3Tr7G\n\$4\1\\d~tR<(A\t}ҋ]2V\\\,\oq=\"5ЪVo*\>վ\<vd1\LYn\k\r\iI3nͲDNCAL$\\\l+34N\G\p!\w:s,B\|XgR*:W^\Je\\rS\\K\d,ҶpY*6AӘv=\\~8\"F-J	3Z%wPr==\\\Ň\:\< o\|yqzNc\n\LY&\3:/W3\\̂M?׋\6\\\\1\f\'0;L|\ԅyL\kF\Sz\qd68jNP(.s\\\"7}ϸX1BHUkTJ\A-O\@\..1QE6\T􎐘j\Z)\\D\\H\"H]sĲ\w!;6\Q[dFh@\\|%Y\\s\\j\~Ůxk\5+\lU\\HAf&\5o4\Af1\'&\\n!\ZI04aV\\0`\D6\e\\BĜ{!\r*l\\\S.,NՔ\?\B`\\"=\\\\"yn{//z\USuC2\Y\hOK\-\\\0\:\D&F)`\'`~K-\\\\?\\o gv(5\G.\[ӊ\\nP\]\r.ʌUҽ\$\\t\\\g$뭂a츈\0	T?AgG&wa^\,\R)\|y%\'2]\"1PÓ\b\܃Ư\}q	΃1\\̎S\ܱK+_fy\En\<\b#Tߥ*\\nk\\/8\q\\\)Nt\o\x\E1?\6V}\"ـψW\T@騕PL?\\\ZD	-\\\յ#|H<\\'!<̑z\1\O\̾\PO\Zw\ua1MϪMѴ\JWg;d\Zt$A\\$>Eg\\'\\tG$q\6R\OP\0a|:\z#USs#\Zfy\\פ2(t\{hٓN\\\ڣ\\=`;P&4\3a\y&\bt\5\J/5z.\n#\橍M(,*{\\_-@6\twPE1ə\xkN`p\g-\3ϫ3(w\3]7cQz|X\5\*#r,9nH\(%-\Mvq& ,\;kG\"Q(\.fΛ\R\\rx΄~L|\0\\"|\\\\\0W	]7\x?*$\"*|\\<)\Y!Sǣ	>w\zM\Z\v\Ziw|ΫO\Xv8NKpqz\=-.\ʑ\^\x\r֗\\\\\rFX\Y0:\0\ۘ⽋JW_\w\j$\^)b2J\#|X*\ca.5\c\\0\rNxu1\\m|^k\\\#瑴\(P\:h]~\'x`f4\>\\\\Zߦ~2Q΄\T{\N\=\\a\0򚲠7(ͩ\NcIm:\\\\KN\\\\\-|\'9\f\?u\\ז(\ZE\\\\\m\\$\\\0	\nv|!\Ƨ\J\XRt\z\G\h\0e~	s?\Z\\l\\6ZW\`ZpiO_rn\F\>7}g8B,\o\j\x0Z/@׈\+)Zg\\x\ZlАT>\k\-Q\&09|	+;\a9((XCďn\A\/?A3۳yz0\夼V\\9-()O!¹_eۍq\\푃Q\Z\X0\a,U@\B`,@_NEZ4\ΰlM\/7v\!q\2\\	s\1c\\\V44ȄyFa؇RД\Մe\\\Mɷ\\\\BbSـ	\Ӟ;<?\\\\\\\oj\c\=`2\AQ\(p=F\\\\YPP\18ÔYq\\0\=ŀ-\֯V\/Y\PT^\\_\"E\eĨ\|\g4Ho\R\7՟,=;a-\U$ciY^ϓl\8V\\\\Zêf{]G$7\\N\ڔ4\'\n\0ظ\uMu]>e=\u1 F\k\I(-}\ k\CN\n{\\K@swf\>A;wtw`\Tw\\"OE\'2\&-Rg\ד\p\Bck=\R4w\4	aH3hA#|Q\\+*\?=\\n\0\07231z\.)\\C&`\@=Е\В\dV\\dL]f\QTEl \逯\ǈ\~YUF\}!n)#T\ <NjTw6똀gx\V\p#\U1\]d=2\zA\7_\HK~l}W߂\Rlڲ\e\8\L\ZDS\#=1f\\\Trf&$\%t0~]F\Z<XQ*6O\"^~\BGk\sR쩒g0tB\Z?jsU\f/k~\X\⅗\\"W󣝊\\H\\\鞸k\+\iv\ȕi\W\	$Nܣ\\\\v$B-`С2\Ղo\apmV-\0\\(Tϖh*A\#\\S8К[.R\\Y{%$\ ԏIh{A\SCzJ?,ps܋kȞ3\GC&\;Pi\w	At{\1(\\#eX歕I?xZj\W67@IFK\SIU޻kc\4ǹ\*\_F#`#\\(z\\W	\S\"W$q\ r)ĊIixN\q\q\i\\#\\\\Λ9;\\wխ\\\\'2m~\}<\-ε\ޘ)C^\[S\ŌJN\*K\n\Luۆ^\\\\n(\r؎\mZ\Xٸ\\\#\}UXD`epu\1wy\z>\\A^@3Ҡj\v7*P&\ ;NhQ`\m0./1S\ܛ	.$O\\!\\\+\_DZO\\s?A:>5\\r\nH\*KO.\\w	WV\[-\aVF2:wb\ϡ<3\\\PԳ\P$Рayu\}7jO\0\\Z\\\;@;`\i\e}N0\\\j\\Ǫ^\\	\ZCqj\Py(\\Ը\\\'KZXt\?|s^\IZ^їΗ1OE\\y\#p~?@\7s9Rz\tl\f+Pm!Lv\0\\PW̐[#,lh:}\/OXM#_Ҕ\\%\\>fC4vȞu\\e}\\T5=\Z\"O\\k\UD\Z,܈J\\0Wa\$?T$F0NH3\\SrXh\\?6\\uR.3\C(-	ŋF\{\7cd<\"e\Sz\\\\H`\\fr\svZUt/,n\^\'x\hQ\=\A)=\*4J{\\N|UG\t7\љ-1\q*L C\\k\cdt}Aׅ\Xu\yI\&\8]IÐ\Qr5\2fX=3/FZs\n^\e͙DǑr,;*tL SIɌt6N\Z d|DޏY\\\v\j;0\k_=\\q%}\l!u킣\0R\\˟\.I*\ISy~vYf8\C\\֭ !:hS\\\ۉ]%*p\j\\\}\x\rRR?pSc\Zk\\01	C{\\P\5KM_\\\yd\'\:\dp9\\	_ڟ+4oK6 y?v5i\y\l\OŢ\\^Oh\\\\\~\"\\Eu\b~c\\b\jsb\u\{x\^ӘM3\5XXŒx\zC\ⶋa\\EfFӘ\nPMB-\r\=k`t	EE\TDA@\ݭw3P\k8\_\\\1EM\BU\k\ID%5ѕ6D~Fd\gs7MyUPg\\*\\	\0@	yOI\5D;)\Zz\`\\`&\\u\\kUttb\(:C!\\S\"(\ϣ\oV+F_N\B\\Ti\\b#\\pM\7\ϵ[\\\jN5s&⍤\\"oqf\\\:£U&Z\n\`Fw\EŃ+[~l닶#43\sȩ¾z\D/\l=\I$\B\M\y\r\lJD]\M|6\\˒6\\\n\\\۷\'>+\\otm\\\4#\(/|e:\\[\\E?u9[\0\\|Zf*\ky\\0}\jZcZ7\2\d\7\Q=󴀜\E\;\La\\\/\3C8\K/<1e\/\\M&o\+i砖4S\)oX\!|G~\\'d\";rǺ\nG9\ I{\\r^qXn7C_ n4J4\]2}\\8KL\EގT\0dY\\\$@^(\٧)\/\\s\<\\ߺRПY\\\\RFaȫ@\6>PJ\\+\\\\bu\_\r\\\/Td\s\,n݄\Rߪw;\&:	\0<,[\U\\PR\Lv\\e_MP\,l\9d!u\\9\\4\sllwة9\S\=?\/00\nvvn6\r\\,\v\Ԧs\\3ߒ0b\Ì\telZ	*%w\^#\s\\L\=9.wmĆck\\\\@\]\\Ogp9ZU	z1.>p]e<\\V?ZX1buQXXA\\8+\[\\{Xe3ê8\\\wCԥ{y\#\Z)a\G\?\\\syA\\- 2\2-|<@l\a\.\qLaU\\1}s3!?C\yCAOE!F&{Pg4\l\8㘆\\*\L[\\ܒzh\"D?\Xb^\\l\Ҍa:\3\{\]%l\v	_I$S\W\\\s8q\n^=VT.y5\L\dDI	\0Tl_L/ԣK0U\\T\21Ga`\/\xFu޵2F\\\%ր@6R\co5\;MPf\\\\\w\l[	SP3B\0\W+KB\H5\\\J\DK8\\\SMPԵs_E83>\w|\F\M \ŵM\\_gx\ZV\"/e\Z̥\19\0#\\	\\\$+_\oBƧȗYĻs&ª42\l\9:vdؖM!],(W:6l\\4V\tH#\0~Os\M̵+\&\?+\z\"\\Q\\*N]\nqz2W&\}Y  {\a,&\ctf\#[4gL\\?m\$翈rW)]aj\EK\b;~ݮ@R(!3x:8\ ב\nslZ)+\n+S\Zaquyq@b)V\0\\\y\H\\jZ]d\\7gu&w!\'\O*\(5~>e؞\^\\"O,\"\<´G/k)\ `5w\Hu\nTe\-}ƚZ<\L_ڞ]4\.F1V\z~DemM\ \ƠԜ4[o\<|3K!W1.\\\\\.V4)\[Te\">D;;g\Z~\\1\\K[9\\"Z&\\aN\z\ʎ\Z\\2\\+u\a\	i:Ӑ\r j0\&Jg,Eܤq=IAVi L\\"%\-\"u\\q\\0:\īG\m]f\͑w_>k\QV?h\__\,쒍S\9 P*9f\C8,\Yن[\\\\\ز\N,A|30\>\\c\~gǺ\\e%\?E\wW~I\Ҟ)a#ƍ,zkA]Ⱥg@~2\3A9+Nۿ\g)L13o\=Dx׊ַy=\\\\BƬ8t\\|]KZ^r;=\ޣ\-\_\o9lEji\Iq,\	g\)\e0=\ށ\\\\\o­GFM~\rx`H;KxT \%K&va\zL)\\)b(y\0x?zw\*\"f~\8;c\Z\\]@\"+t鐛jqY\\Z\g\0P#\Z\\%l\O094qU\Ǚ/Z.%!Z@5 7g|2\\\T\,\\#a|e`ߐ\\b/N\\\\t\*\\\;%$\\0ɠjϖ\K_Z\\"5V0RM-ځ~ȔXM8\\!tԱrK98+\\\@C\\q`n\0wS@\C\tyX{yM\r[D\'W\}%\k);Z\\jҘJ\Hz&WG\gO\0G6O=u;\\0\jX\Hqoʳ#k%}\\Y\\t\ \T\0\2ѕ\Vۈ\rxԔ\,);l\\đ@V^#I\\A7\\d*%)-R8OYF\\|H\A~k\ށU˾SyZ:r\c9(o\v\\\\&\Ҍ*rRK;\ZE\}C+.\\\Ò\1`@\VI\9eY۵\t%\y\x^br\G\W;Bmb\ӷ݂\غ\~:~`\ewFϴ\Z\:;\^\pq\t\[\X4%E\Zӳ\ZX%oj\\r\'WD.@\Z\O\/ʟ2?Ԣ\G^Ry1\r!\|\pp%x\"Lwp\0\\\lb_P&\7{\\\Wc\\\\zQh{9|:~\'dL7\\ZWo[\\\\\\3zX-$aŨT:^Ȉs\\n\H}\\dv\W\\H]\:\47i\)>|mlg5o*N\"}\@\%SwA\@\\Z\\0g\\t֘\9ħ\\\Gl\\2.K0X\a\ϞPW\\7\?\}e\8v\܀/a\\\߿ó-LYbC^\mG1w`{\}NV1\ޮ\(2\\>\\7iɲ=4d\y$pz\'kkQ\a\\\"|\\n\\򻇼xd&+W%\"\\\W\0$\ņ\u:\dV2Dx>̷`\dS\\J+\ͶͲ S[-LR\\\\Ðs)TjrC\\<&!6aEq\\U\Z(Q\s^^_T\\yٰ\"4\"\\\0#s_9׺;4\֌\\7u\m31,\j\r\\Zs\	\\\\f8Zj\M\/vA\\u 	$\\p疰\f r	\	t/cOa:\c̕\'f㻝%\nH1N1v\lu\n\}?\\\A-M@;Y~ǡ;t=\?:\\dm2Z\*:S\\9-rh\Ea\\.\\KOSto\\U.į3&j\"-$X\" t<H}k \4\\h\\0	๙\rz5gO\r\f7\\\\*R*b\1ӌ\F8}[蓑{Qw>/\ʔ~k㭻ɻ4pOh3\{2ȥ?S*\0\\\t\*pl0\\>\\N\gb熎0ySpux\\x\|o5#\\Z}\fth\\\?#,\g9_#it%\CA@\ʱ(J$\L$ǜs-nb\x{3FERL\Zq.\u+\~UR\@\O\\ʜ>/bmQy\\0&y0?!&~\[\J\\\w!\m\Q		w\\\0Ijj򋰻\I\%Ŋ2f\ğn\|r7>\'ghϤb\g݀7Q\ZL3nF35\Kf\\\\V_Q=\4^	\l4\kF88\w$\uzsavF+]7\Z\\'DXi\\Q䋈\?\ʯ=\r̦\Z	\E*=ĉT\\>b\PoېV\O`\A\v\=\\'r\\nm\^\)4\"]ʍں?OU\'\"b}뇮lcc-H_~\Cߵ@ZRȍK\Xg^@1\?\+\|Tfl桥7sL-D2\\|t2#q\\\H`%i\0H;VapS@8QQ\'3\VfV)|%@eŌX5\n銱Yo}\\BK\7\pNRf=\t\\0r\\mm~:=Nk\0\c]>6?\\\\`r1rv\L7lj/B\Zn=ōJ\l\9={@EGZ.*]n\\m(Z<\\\,(d\sN\J\BCEĨ\EJqMRpg3^^\nB\y_TѐՕ\07C&Ko\ؔD=t\o\[\"#FjPpU6+\\Xѱ\L;\Z<m<\ʇ;\?#\r3CP\i\ZWһhFY쪪2\rc!!\TMl\Byb/rp\.GR\`]w5ꬫbY\-\"i9\\\PL\o9\\\ZQr\z\G\\\GO\#\G쉝0\ma\T8; b\\=c<\\\ 3\\[W}Npeoּ_%\\QⅿR\rY{\\\*b0YxT-\oƩ4v#\j\a>FeׄY\e}ڛh({*\d@\[$3~U<@d\0\\Ђ\L?a-s!\7*\T\/Q	lf7\Zz5&\k\\Kc{ \\COО\\\o\-X\\`g:Q\rs$\&\n\\1 I:,?ڡg\zGJ9).j $.(\\/8pϯ~\|J!gRoNYy\56Tb1\(:\rB\6\ΰ\:\ip!h+mx3\\N+\e\c]l\yT:}\\#\R\ \r\&	Q4D&F<1V,\0]\0\g@@ۙ\c\2K3\\\9y\\\\5h`a$n\E.DI;\gge<?\\\HW9/q4\\>:G6	hsN`KP\\+pa\ߊ\o=\'4:6eM\\\\O\Iq\\{\V\Z\\jAO\\\<_\d0	޾\r\L~Fy=4j\-pd0\+\ȯ 4\"D,\\ZByW4fm1-cKJG\\\\\7!3_>\m(xUѼwx\\}w\#Do\\"\ngK\n\\\/\\\'\"\\0p\"3݁q\E۵\$\Wے:\uA5\e@\\\n#ICқ\\zçGt\,\\?\\5\xjPČ5/c\\!\\(,!P̍\\\y+y;9\\]\bxs9q\;л\*s\h[ksak\Z\?uZu<c\cif\sy[@вs\"SX\xe\n@\\q#X}\\rt\vOk\J\T`gzs\V*\\'	>J_J\s\\\",*ƚWn\ü\\\T\\-\Z(0\jGO1/Ƶ+E\\6\dxo3#21\RR\\rr\5z1;~UD\\r\\,\LHڅt\|K=\\Z\\T2\0\0.\Z> 6@\\\\(_\'o\Zq\%>8*0h\u*\j>1\n_x假+\\I>qM>Xe<m53W\sW\\|n;.{.%FL6lv>\3/˗Vu\?VT\k\%_\]4вׁ3>\șa\\LEe.j\֌M\\\\\',$\Z҄5j\oq`\LY]˖г\b\q^c\)\MJƕLN	f\~\P\ڤ&!6\NR\wЃ\(aaE)2!c\_(!J\\iUf\T	\?E.\ȝ\0BIHq{ڝuLamC\߿n\ÝFzuS\'I\/\'\{k!\m:{!+\gd\\N>>\z\P\C8\\\ڜU\\ٕv5c _k9&H\dgL\\ގ\=t9(rsa=;JITGڐ$|^)\ry.\pfen}<C&&y\rRsKю=b\+\\/\~\-K\Azݙ3Sx>1]wV)a\2,O0\Z#(\\P0h_h;a\8ҡ9 :!I\\w_\Ȕ\}\\Fo$S\.\\:`h@>4֞N\0;rrQQhֹp\/\UY[\Mc!Xҥpzei7\\A\Kz.=\\iY\L@sQ\b`s%GJ}EQ&FB)/>\'~0a,4v\oX\'=cb! 58\r#?\"U\"\e\\\\5%\\\ህ|;L\yh|%\SK˱\i\\0Ҧk/\\t\4Dx\\;\/FYР\_P\\'\\Z}WIȎ0-+vquz2{\\]Xw\@v#\G ~>\\s\t)U\Dͮr\\\+_2\C\>\qY|\U	՟\+U\\2\\Zvz\Fp\fT}[\.̕>aUUɷSպVa\\yg\2\Z\QȀ#3I\Uԯ{D_v{\d\hhc\4\4]4W\\a\]Zd4v\\5\]a*K=5l2\Z\\A\~VFy\\D\YX*Fx\>\\\9\rLZ%ٍ;9F\ys#fՁ\~2\\"NYeqr#\r<ΝH\.V\0U3\FF	\:q-!fS>Ԋ\s\T~Y~>D>\]r*=ClF\ZOĊq[\	`\<W_J\ӛMd.!m\Vy\d\\N\\UC+\fZ\r\&I\\rf&SZAy+͛2k-\ŷ\?\78į\'[>S\js\L*-M`0ј\\jMRwf&\:\Ⱦ\[bI\Ţ\B*\ⷱ#q\Dkm\;Zu%@\+S1\IfۧZ+=bt3\\]ezސl\\7=\\T16\妪F\\\\92c\C\&6m\Z+iY`#S(Eߞ=\\-\\9\F2b\\0CQ*q\q\Z>kO\:ܻ\0*F\\\z\oS\wnj(Ѐ~P_\suR)P J9I\׽\\]K͘nޚF?[\r?\L){;\2\'\9MCv4$B\jVŏ^?un\n\\\\S\Lr5\r>.$\\R\ZaK\'\,\wA~޶d>U\4xi\߯W<J;Ѝ\X{ɓ\'ot\n]\,Kv\\s\\oRt\\X|ЈA\R0\\\vILwhc7Ϭf\X/\3$0|k߆yruKC(&#\\됭(`\@\Unr iKZa\Z$3\:\\r\n.V\?yL\\t\u 5Kpg\+\F&]:^{![x]C.\8\ZC?1qm\#`\\߮_O\Fq~]\-+ew:+X7\X\oF\Ͽ37ɓ]br\Z\FO\}s/\\4\\\󞔇+.nz_\	\Dl\r\ \7Y]Tz+\4\0\\\"7\\iW0\Z3U|mfYT\\خ\rBfLg6\\R}H$d\Z\<Sւ\u\Lb\\'۷SC@\\R.\"fp%cq\\{\{\\^Q[\ܿq\\\r%@\^\\AS7UsS+$\R+ِ2U]ǹMs\\\\"\\ra\d\0Z\8\|\nj\LQ\\cVNZoo\\ad\\9{x_\\\\`JL\/\rb#\I,\\0w\.o(\e\\\%_\\C[#*@\w\tU?:\U\тrYŴ\Nn\kq$rp5\sn\J\oΞk\w\\\\1\jo\^ж\Lap\o9\u .D\zU\n=?0g:*%E\3y\\0\0\M@`j\b\\"%u}H\An\n\^\^.A__Ņ97I<\ZiU\n\V6\^u~?[G*&76\ox\8۰d\6Ĳ:kU\r{=\a\\*B\k\K:Y\Kp|0geTcq+̯3xi\4WxME(\0Bu\\\B\zseS\^\n,\\w:G\">I\\\\J\\Ž]b6\\Ҝ[QY\׸V^3\	E\x\{\ZKP}\'\v\y\\\\(t|3]]Sn5y?B\\ip}z}C\ZD\\b\2\ U\0_*wXk\s\:?QM\n\\|\'-\\R\.\'(pU@K\\RN\KvX\ߌ\Zd[?\Z᳧Y\\\?\\\\;O\KzF\xu\0#BS#\'5\\ר:j 4,!q\.\\\}J\\m	\.\	\\Zj\t>qT\{\rO\0\q(l\!L\\'	\[\x\IuN1x\3\\y*]_\\\\\fK\ۍ5\q`T}:\_\m0řgh\x^;\\yV6\"H0`z^\`\\P\Td\2\\Zz4V\~3_}\(mt\nf%\=\.+ca\9T\f\Ý~b\\]4+\\x\%s0×V]g\ZX\C\om\b\u9EѦ3]Z:~{\!dף\c\\/\YS KA\0rwzhT6(_\ŷ\_}ׁ\fq\.Kу\H\\ni\f\\ADU\!{2 d\yJ;p6\]\a˕\\'tH\"\Gj\.R譙lQ+\\сt$K\\Ԇ\2nosP\밇\FT\\'\+\\\,.xL;\r$U\vA\\#\,?\nF(@\\\0\n\|F?0\V,A\\(&\\ѭ\\V\f\9\\YSy7\̊\"5:W\\2B@$\\\n<\W)\\sMez+|7#5AoC\̚ĭ/⹽\@&A߅͜J&=\n\kr\"y?+\R\;o\"\Q\q\\K&\\F\ZhpEAF\\A\X{X9\3KCbl*\nTux䨬\\\c\kG\|\\}\zj+LcDH㮞`*+;iT\wdkC\8\Aa|Q\R\'\nSv/U铔\\"Ӑʞ\\\\#\xx<DHt-`!g\ٗk\\X\`[\\\ny|DkB$a\\i!\'\\/2\C:\\&ZsS\Tp\[pɕ\QBz\v\~\_Q\I9\\Y6pAy?\\\rS2\N6\wB\\\'FI\r_\Dv\Z\l\`C\8;ȷ4\DUw\\/\revFd|b,\0~;\\CPrwr\T}J+9żg\\&,9na\\0\\\M^d\^{\\\iP\0ĐNj˂Q;)\nbukGl*cnɧ\@#\Gmg2.ǃ\m%hrcQ	ּ\\9^^I>\b\\Z^9\\3ƹz6`\P8LSU_އ\s%YO4eG\7N\0\\%h@\\dg\y\:mb\_s @є\SX+<hE\^@(\D\0ur\!\\u<SӅU\pM$\;~\}.snaVa\n\\꘳$\GBρ4\nZͶw8̑I_\nX)EL\[\\u?<\0\\0I\\\\,\o\ȍ\2\\\\͈\k>R\\z\L\c/v$\\\\R\\\ّv9&\\D\R_R\7&\\BW\j\}\0g­;\:(dxYޱϙ2rdǔs\2Ջ^i\2^\\E*\@9n\3o\ZK]ۚ\\\v2+,ĦV@1[\x\^MU\\˒Q?L\n!\(\\'3U\=RSKۜ\n[\&-\K=#2~Ԥ1g\\\"C\0T>^\E\\ntP\\ס:Y͙\.!p\'B0\j˙so	2?HAxSÏkIi\n\Zf;\\lci4z\\\E9[^ro6XCg[$.\\Vv\\\\:1-\[ӿ\pW\nZ׍\|\p*\\r\Ϸ\\@LY\\0]/\0J\\"U5\a\vS|p\	k\t7\)\SS\\\؈wh\ca\</\\%&X\r\U\.d\[6r@{\ˑ2!\Go\3\PɆi\z\8Ve+\[pܱZ\Dh\Cc<\"7\&V7\Ud\\\r\\5orek\\V\Y\\]\rp(\/gdž\G{i \\Ous\\knK\\_\gE\ݝ\UpѣG{qG\\EQ]xp,<ȗ\n}sB0\5<z\\@sR^\\ǧ26?\'\(8[\\\^PI\Z7k\2(~\3E븓Šp\^O\\M\ry\\<\\p#ɡ\*\\Ϣ.S-\!0ҳA\Xd *9D?\\	f@=۴u1\E\B>=lq$\tUC@ʧ\%\TlV llq*>p\ve1\f\0 \\'G#{	Rqaj\\rT2\ʄQFW#D~ʳ>sr۱XBuf]~{C\$%(NA=5V&(y1\(F!\\:\#\~$;e^\$WBB)\\DÅVK87B\X\\GS\\j6\\\0\\Dd.\"\)Ҫ+y\'w^y\n=\g{\}<W\[Uhu:<mVi-f#\%\0\.5,\r`2D-k\cXo_l\\Kch\!`*\\\+\ܓ\\\q`\rcn\kZsS\"sN:\J\\:O\\&Y\\c|\|4\\`CIY\%7my< Z\*4G<h\8tB\\\\ѝ!:\\&\\\\z},\ܨ-qIB\y\r+\dzp\\˫\?;De~㯻\M0{뭅z_8SL1\mԼNn\ci2:J33\Z\\!Dj%0G?4ٴ}FKÕf\}\O]*Ҍ4;\h̵\\\:z\#<\0	O\sO<,wZixuP-\n|bc2\l=;\Uy/L\ւPkO2	ٕ\Y\n`Mj\r5RLvU\}\o\Q\\0\ZwhPY-\"J\0ã-)6*<[c\9\\\lF\7\\z`\Zꣅ\c׽\Ȝ9ɬ1amH\5jTt\\\$z\渥\n\#M3\QT<\\\r9v2MA\\\D\\F+uOa`#g\\V\\Il\9[Q.軨̧kv\\\Z_Q\SL\Y\nI}\\\vk \diImjej\@.\\ӕ¬̢4[H\Xsuye1֖\Z\3￭aEO\O .nYᾴ\\ Q \\u\\o\.P=&Ui<k\bZ9er$JW(/=\\\$s[RS\a?{~[`{\\'\\mS(9Dcmo}&h@*\nDh\+l\by?\;\=\j\50eb<AL\>\ga5o\s\\`&tޫy>\<F\nzĿ=\\\0m%:͔-\6X_\V\&1M\LEuH#G!^\V\`I\'\0\$n~\)7\7\yN]̿wa+e_F\1eׯ\VB2wY\\zG87u=%\\\"N˒\\Xm.1ܞ\\\.\\/z\-\G\r-\\\d\'P\9z/	\1)6l]L\&a@\_FD1Z\V\\\~gZ\܉Y\5e6\$Z\\\\{db5\n+ӔZc\"fS.,6d\\0\p<\I%\T~uX	@\\;pWتߒӪ\\p\\\'\Sz$\\n)qƜ/רMB\0\\/B]\r|uk\v@:/AA\"gHIY0Ĕ\"ް\\\̰\$3\ZԶ	iLzY\";\ب{CT݇ԩ.\Zp]\fP\i~3yK\Qj{.\=\*-M+\f9fRm_k\y\\\2\Ak-\\n&\z5yj:\\\閻\cdv%NF p\0^\\\|%\l\C$Wi\r|V`\3V\i\H?\&%J\OQ\e;M멕-g\\Atv2p\r\bZ\\<\"xY#@ H&\/|\5\s9\Z/Uu\G\0Ƚs\04\\rLg\RG\H\21\D^+ \Zb]tX1rOR(z\'ph\n\\\\r}.$a_\2\'\r\"V-<\w?&\foD\\\\^44M\0(\\9=DN\0\\qECX\C\	t\Z\dp\-KD\\0}C\Zew>e\\IB\\P^IQ\nM\\#~Qn\\v=7\\L=\9Oo@=Z\W_vA\\\\Z\,b;&\a|~ʝI\CS+\)0O)\\r\\\.q\u,\n\\q 搫\\\S\\\|dT>}E[mc\\'\Xw?\T9vb\1\\\tu \'fXupoN\u% \\\h\\\\\	iΙ\\Z\ZՃ+\T`Gv¡Hôǹ{\`\uqr٣\ro\rEq\.S\Q^4\r-;\n	a˸5+\{;r)(Ԑ\\\\b%e:ShW\0̘j\^13\<%:-e\r`[h\Dˁ]\.\\s\\)\UuM\\\-($Nr*lM?Nj`Q\p<\r1\V/$\4$ʚ-(Jix#Poe0\i6?M8+Q\x-aa\n47t9]:n5~mtϕ=\\r(@v%Bpbh\6ʶPT)9C\9\8\{\'5\F`OF\FHU\\OF\_(Q\C\lJ\Y\Y\ fU\\2{3J9x6Ctߡ}[Fm.mu)\{\n\N\d:`E>\\!x\r>heÚ$\0E 	-g\\qe}AJחs|E`\/@P\9]?\x\Z\n\0\:7IdݾSֶ֭4.y\b\孰\\'\X|\\\ nCw\-i\qKUӃ8\>%N93G\y\ZP+xTd*?љߧ\\nD޼+\'5% \5\;E8\SxEDޛ\O8\\	{dt\\\\o\Dފ0\z/\CC<P\'^I`Gt)c=\\*!n\|\g(E\o=m\J\\\[%\,\KƑeh9\\rޞV\	NO\\\0^䕠=&6J\P\q\QfE\\\[Ybx\i\\hθEed\Ga˂ڧ\\"EK:_n;\n)q_^Ib[:qgF\a<\f$w)\YVAgla\s7oi?uk\]k\\H\oi\\\t\)I\rf0]\r(\@}bL [a\1\7$)I9[\\IXޞ\	\&Ӝ,`\$,\\e\%!\nI?-\0\\\ZF\\\6_y\k\\\nx\\.	2z\ro\1I\e9LJ+u\gǡ!;l&\u\跐T)B\\n\\[\rL9ݘGa\\ꄃ\Oy\vLLNTLk\r>=a>r\930\\\E3/4.|ů\\kL\@E#t\$c\\ZAJPna3\*\\q9Dd4NIz3OL\eq]v{	O\,S\\Ԃʪ]+\W\]\c\r!l\罓V4\\^J<Pj\oƞ9P\d\\hi/\\{\1nO4\޶Q١逐j\\lQby,o>hc>ƾ	rV\M\3\@N\KHc\\rNZ4\.\"U\?G\N\+F>mǷ\\\\0r\OmF\[.\\}u#uIR\U<ǚejz;m\7`RV\iMة\\\rq \\KF3H\\$\pǫXU\bȢmdI\\\\m\EF#h*\\'Y_\\Jk\}f\\pt\\nrl9_]\1	w\2\PH\nl5e6\\W\\_ \"liq	,7טҾz\;̣\K\\\\vx\\'\CN,!\\"сR\WZ<Ua_\Tb:4M:ʫג4ؽ\0{c\WIMW\4\M)ak%%g?\\KK䝭Ƿ\0Xf)\\$*J\DECf\42vr\Re[v\n\4	\i~%\\Z7\LiS.\UsԞ7\Hil^iyb\d+j6Mh\^%\\\rk+W\\\Hc6\\\d\[\bj֨\\\?Ղv	m\]rZ{̾n	CZe\!Υ\\_#LaRf\,بGeFD?{a\\nޤ\1rOP\w\I<q\I©\\\"\?<`惭\m_cғ2\-	\v6w\o׀TQ\\\\\\c(e\ŝ\f?݅\PB\\"Vn_\aA\6	\Z9\\\\\\\\#/w\T+5rQn#JyKV]\DB\`\\\KneH!Zq~r\\\n\\Ofj\*\i02H\$Y?6&\pq\4\nexmt[ԯ,e-X\ױl<e\`5Uu1\\rqӠ<\Ub\\f(\\H\z\*x:옮\P#X\\Bk\xZ\\\\㐽\"M?4\Q?[k\`\\\-s\BrӰD}`F\\\U/UU=ij2~af\\-C$\_>6\\r\95 \0^R%\M\a1\K\nKy\$ A\z\eD\Z7 5X\9L$\gK\0V\v\+S\0\rttH߱	\\\}\\0\~a\FVߋ\d=t\W\PG\}UFJo~y6,\\rtS}b+Hi8\d\i(\=\\0)\\Cؠw\\By\\\]]^EhQWDbƻII\Ѥ;(bo7\eOݬ\5\@\Z\$Ɖ\Ъ\Zol:30\\f\;y \i\ 1.QS	=\|\/\n+tN8\%Fd`E\\y\ĠJ\`4nu\ٙ-O\\V\\\sE\ZZ#\n}bx\n\\1\<j\\\t\1H:\\=HcԼWVh}\<\"tʝǧ/5]*\J)<B\`\#Rb\*\0TǘSU=V<p\"?lr8\\&{6Iر\01\\n)ڈlmp\vJO\S󷛛p\D\km2\\c#t\'-zQ:#u\0\(Ѩ8V,\2ޭ߳ZD\\\0\\"t\b(\Z[P\nf\\\&H;v%\Z;h\ZN i\\\l\[G|0i=܀\ə\9f:ψ.)C(B3\r\\>\#ٌ\0>h)\e\S;IΛ\B]/nF;_`?1x\\+k\\\\)5*8067P6 z\'E\Z♲9|`0T+k\slˣ覈9\"=)|p!g9\vS\y\\\wq\\]5{A\z!\re,\l1a\w\\S=wSr֊Td>/R\	fxNHf%\S\A\l\IoSRAq\pZV[-0~\n\0Τ\NF\%\\n#	}S9.#E=\oƃ\-?׸60o\dQqlB7|\D4=5]i:`BgP\\")\g\\ocNe\R|5\\tn3]\:\,\W\n\ruQ,\ZX\K5\Ud{\\p#i\ebD=#xvAIwl\l\@V\\eeY<}0T!=-l\'ŁBh.OQMz\Z\n^mVtyŶƀLk+Us&\ҲO\'R4Wh\u\c[\},&=\\"Z\0젡p\xfDY\T\I\\kkW\\a.E\h\ay\_t\\:WL[\\'\`i\1-[T\\\\/QHa\\"\ua}\E~Kv4\hW\J pDD*iXP6i&\\alg&K+\:Yq(\\RI\t1\1=`\\V.\n\kc-e\2\?$VիM3O\'׌\'\6Q\yɀZ3>\:\5@@\Z\=d\\0EI\K,E\\h\y\t\9&\ʭB\P-\\"~uC\>^0ku\aRDF\\'9\q\X\.@~	Z\d\֋9)o\\ɠ%SW~0-ՒSWVP,_\}r\.\P񣪧\@:e\_D<\ݐY\B۞t}Ŕ\Y\r1\b\ɣ[\}\n| \\P_^Y\j~\'rEv\x^\y]&D˃{\#\\pn}>yXM Uw\I\'\\\+\W?;\Zň\H Aa\?\\r[~\P`\n\\r\>l3#2\L\"9kBϐ	\R:\\\ߧJm\\N4Pev1\nB(\5#\4h\\KT\\o\\\@\\\k)9^A\\r&\PF%\L\Z..\SU\BvhmXgj\wM8\*fh\!jZ:aU3g\^\o\\"h<\斮<\V2\.9\\\]\Vu\4\Nj\9\\,Y6XМ\D\a9\321b2\\\0`~Ј\HcN\<l\'b\'`k\\GM\0ݵ}~Xq\\끈{\0\0','image/webp','archivo'),('64c547bc-bd8b-4ff7-ade1-c72dce178cec',_binary 'RIFF\\0\0WEBPVP8 ԩ\0\00*S>4H%\"#ԍx	cj\Ȓ{P\9\#\\,^qm\,\\o]\\\w\w\P\R}2\\eQ\\!U\_\_`\_\Ot_Ov\'o>տ\G\\ߜd\}Rr\\\\DgW0ׯ{zkoP`\k\'n\?_\?pQ E\\r\r׺vI\ԏM\'s\o(w\W;-8_&v@yR\?\m\\o\h4RI\\wEL:29z_|\ne\'\|hS\rMJLF\pv>*O>`\7*\rUقI\u\0ڵ\C\\Q+Q\\.\R\r\,\P/\\}O\\Vz\\;H$\d\HJn\G\}/\t\:cYk\`R](2\\"΂\\<=F/\n_Hx:FLR;\ZwlVnT\	^\9\?s໛|߆\0S8WA蕸\I\\5j<Xu`x\'O65\\\6\sQqdqU\??m)\\y,^Ae(\\\\3;\S0\J\\ӯx\r ,ewk;o\vQ\\+[\A\q\ޚ\\>092P)&K\\"\G\'\\x\\0$Koj=lk!.\0e\WĶfQC=\dˉ\P,\\#?Ê\y`&\N|w#\ɠޗ\\==(\\\N?q$M/\\8\\}<\q36UblK^g_\\z\\\\r\S5j\Z\JųQ9\n\\Zc@ŉ\q\\\\Zk\ܩ\C	\ZQs\\Z^xUW\Ækh \}=N\s\\\K\\\@8Yprnq\/\\\\\Dџ^,te!\.\\PY\Z\\Dt\v\Z\Gލc1b\J\06e;ҩ\'&0\Y\Zߣ`$ocj\}D\Kj\V\r\QTA_\|_FLBݾچJMvf\ɏqR} ?*\\\\\V\?<4˶4c-tSb\M@hod6\\srhW<\#^!\^=\r\\@\\'1w\ ~r*_\\i_,?/Kwd\]mp7\\Bo\Nkr@A\Z5\A:fW;*Wָ\7ԏˁ\.!wFj\\`\x!\\`z\S\֭e\\۩+⿰\\\A\ړs:ÈP?\*X\\pzb\$\ńF\r\捨p>\^zP\K\"JG|\\NzP\>HDM\Ԋ\d~E+^\K\\ŽW7$#۵\Qӟ\p)TaJ\\H\\U*}aw*b\\+\\hs7ܿJè\/&U\Zظg\82|\EXl-~O\\\obOOG\ӕ+>\ԥ\r\!t\Z9\u\{,,\\Z@y;\t{\L#7?40U\\\n4\SCۅ:SO!Cu\^u\[⸑B\&rT\G\\"{УntǕD͎ݖ }RY\rY.j)K?ɭY]h\vr\ߑڴ/\Zkonl5@\\Zv4D\0=%\ʰ%U溚u_\ryX\%\\j\ce\M}>Y_D\еL\a\S=\\XO֙;0n޿\\\\\173}SW3?\\05\rL\\n\,Jf\\f#84j<Q\ND*~9S-6E%qQj`4꽇~$+>R\[;\ae79Gq\W^i_c\jΪ\r\S}B\"i!zG+\K\\:FW1\\<T߿\Z=I\²&tΜ\˪\f3ZS[\\\ZWRsY29e\գ\6m\Ō!r(<tPG+(T\0%C\\_\n\"C}\~>Τuh\>`G:פ>7U\#\e^x`@\\\N\9Ai0\AUl\֩{	\\\I@9\oZU\"IMlw\_\\{\\\HZ\ږ\\	ˇgڸ\r\<\\\'Dr>,\ZtWQ\$\ٽrhy^6\* W.&r:\"]_\o4j\f_ʐ\=\M\pLXzVށ]\t\\q\(cw\JG/pI:\>R\觲\0mRé\H\-Nh\\ʲ>d\'ҋ\Fn\<@\7[ú\\2i\Yu\\|̛\\0\O\O\a(\e\\a8i聗R%sHnJ\\\*\G5s\.͠%N4b\\\;i\Z\3\\Wׁ\,\%\!>9\\\\\`NYQ98\I8}*\\\cv\\\B\\A\=a\M$\;\\γ\\_30u\\O|>\\݂\GGaX!OQ9KX|;qAf\YJ%\Ob/զ[b6!\+\+\{\>RAnmg-[	,\\\q1\0YWW{\K\4\\c\^ډ\d\s\?郫NChs\ZJBG^	9\SX\.\\\'DN\O\#\\}{	9/^@\\Ė&.	y\r)\?=B\ufbzHS?\\-`{\~\1\\E\]\Dgڌyv\:#,\:d \\\S\Q_\;\\\r\\5\҇\Sk6xiyA`\6\({[[\&.K4jP\jf62G\\\"?-仑]F\\jE<[v$q6;*q׿\'\\:T3Y==\Ju@Xky`\w\n_w\\)C\#,\Z;ZþX\O[\?)X1\\1i\|ܣ\n[\0G\"\%}zD0\gw\r\'\`z\ZM\\Pf4ӓ#\\^v!Ӷ\\<Oi\o\nI?\"\:E\\\0\j\ z(]\<Ծ=V	\\\RPa%0C%qK&⪚~xY=\\܁\|\Y\4\6;r\r<ğ\KȊ\t\&߳\lCXz\"S\tP\<k\\NMrz<Iϕ\;=\oG\Ի-\\r\\Z%r9I\u\\%+Nf\\r_\noꟷh\\\nZ?/\l\H\\̨GK\\{\\%r\'PUsx>Ga	~\'	*|F-85\rJ5by\lk2jY/&C[Ma/\\:w\r\K3G\\\\m\S\\\\Ĳ{o\8F(\J#\ZZzJ3\Zܟ\[5KuPTk\\t7b)\Gm\nY\*7j䴥-7\'	t@\DPTZw\Χ\"^\eY\o/ri}\nU7ʑ<^\^q\Mko\\\fj(᝝\\ؤ:\X\:6~\kǿ	\\\'Iid7\\"n\+\I|;$3mљ@iei-pSZq/.M\Rך@JIX3J\vj\0@\׎̀o\Ε͐R߭Lkߧ&+#4q#\\\\\\^\#4ǹ\ǖ\b CT>s=;<d\؝\l\Z\\8E\r/qHy?X\i[\EV\"\\\r2	h2\\H҂\W^U-]k \ZS\1S\\n%H!h5+\\Z)2n8\ـ\縘\3m\	\i\}{\.l\WqSͱ0R\@Lڞq\\\"ߵ\yd\Z\\4`,\EFi~n\\[zr{ߪ\;/7\,#X[\8ѣ\gJq4\Vs\bo_\Ӷ|3]W\\m>jAD@tə\p$2ĩ`\\}2B_%\\\+\2V\\1\n:y~\Q\)H뾣?9\EiAl\j\\#}K>\\k;9(\_\4;哖\Y\rms\\63i)5d8hJOr{y;N\._3\Z(س\0Q0%L\vanXtUWc\\\;\ \\:57{e/+]SO\a\\\tPfs=\!\sczBFc˒\Hh+5T\0|(&\*M1w0	˹\\\+\_a\|}=\\\W\xJYxh)\\ǅDdݪTG0\,p*ݍ\\\lFq}=M\0\2\9ւ\"o*Hå\<=\K\|M\"\\-jw\"\\D:VZc\\Zxq\\(C%\\/#)C.#S\i\\(l--]LH\6j\@Gs,IKĠ%?\\_f~Ye4nϭ6kq\'&M\\\D2Ĩ69\\\\W \s\=Tb-\m:\ZS\\Z^pI/\k\rrGΝv6x\2+$/nǚ\wr.\|Jvq\\\n\#k\r\'\\rD\ U]g\*=Yc0lG\N~\Db	KL͍*=qD\nY\@/\jU\'u\na\Z\^TuX|\0J\n=Q9ф\0L*\\ZFhho\jbAtFڹ\4̠aa#V\ck#-\{AXҕbS2\\\\\'\\<\Jh\9Bs\nq=#F\yVx\e\\\@[ULz(fd\ht\dˉ\\*\6\~j[	L.<|膿w\\A|;_/V#\\ߐO\nnixkՖ:\ԣa ^9\$K	\\\'\jf\\'\-g\aH7w\5TY\r\&\JL}yRks+\\\+拄{5\A2Qy\\t\+ԼSKc\0\0{̩\\dF\Ef\Ol\\"k\\\Tɝ\\\r\"?\	6C\]ޟ\fO\?m<7$\\\c\>&\"\\^V@\\Zp2/Q#ݘ\--\\\\\b\\<\qk\r\\7Sz\Q ʆ\\K\3!dEҳ\$xQ\r\\nƙ\rdF\3\<q 5k]\)\L\rA\Ӂ#\\uL^\\K\lL8֋x\\X\눕\a,m A\\k$\ơɤh\K\D⠛X\\0igL>b\7BΕV!KoM,$\\+%\RQ$i\ŒpG(I+g\\)\\v\?$,{AC}Vc\R\/_vv\XSE~\đ\l\2\;ٮ\RHx&\rdr\|\u\7BVY\5\\ڨo\\s\|	S|I\[Yގz\Bf\m\Z>Eh}\HW\/4\	A.&\EnGRj_d>`^0\a\k]cD2?_Ҟ\~)Z\Lc\\\$\\k{\ѧIv\<\|q\Sm\|ľsL\|\Sh\8\n^ܓN\Z\ZZ\5mT-\3SH\W\Fx\B+y</rawzRѦ}\\̠\0;\78\3\nb*,\r\gQ\\\P\\ \2y^}ɕS4\\-\oM=\\\"1h=v\FY\۟|H{\S\"\y\N@/._Ke6	s;\\\\Hi\\|]3B+ϯ4a\N\&D}NPMiU\c\[;\Y\J\ȉ\nG\u\ZJ]Al\.c@ltEEQ\/\퐉r1G\"\Ϡbw~Uy>^\\O\T9غAjJR\Wܨ\JIuz?.	LM^\\>k\\I\%\E\Ҙ?ٍ@ɹYS\x~y)\\Y\rz\ِ\-|x%>۶wtue؛-+TsHȏ\cvޯ\\,r\N\Z߲s~\\){1\\\*\Iɝau\\\[yxX !J+g`*W#<4mw\mҶgA\"?\E\\-	\n`\Z\1\r]NVkb.`^\tN\0ũ(3z\Z\nyr܂mksn\55\"a\\ϛ\',m]\\^%\n[IǛ\,\V\#\{\\\\0\"+\F\\\U,\i\\rl_}\s=\"\\\\szWD\rӑ\\K}O\'L\\\(3*\\S.b?\ZD|MrGOֿx\\\r\\n\\\'b3\"1\yo֟WjB\\rNgD7VbWO\+)f鴂[\"~Vs9\"\3\vؐe\hV4\L\M=\Q 6şRnn\O\\n\x`ߣ/E~\؏ww$щԡ|A\\*\\\N̾/}\\ԙ?PWZ\GB=\8\k\\\y\r\\rJXg$\mwt|vNm\r\%\'DR\ҶRϢ$@\\"F\\\4\0r-~*qu\\!\k\࿰,@\WO]K\9p\n70===m[g6\nx)Pl&##[Y\rNC2[\\"x[m0Wj7:2SfGִ\~\P䇧Բ\Y;0\\v\^B\6m6\\0\G\,X\DjYx&8\"@=\3L\n\ l\jf-C7^\x=9!ӈ[Y.YsuK(\',٫$Hj\2\N_y\`:\{N\C\J)\\L\}\@\V\7\/$5j\ZϸvY\\\Q\\*\\\Gp\&\J\0{U\BI\:&\5_G\/\a˶R7{\'\"	\\\dn\yMU\-7ߠ\rmQ2DiaiStP\j҅B`S\\\BBV\H,\cr!\\5H\)\!\ udg\ٙ\|\M$\\m\\f\rR)V1!\M\"\n}tż?D7HH/ZzѴI2Ԙ\24eL\|v10R4}\\H7\6v\7B\~\\g	QŸ;nWg#rƅ^X\G=\\\\\\\ǐչn\2\f\1\\ĝ7;\؁e\J=9N\\\-\[r{R\r\zøKw!ج\0\?\\\r}[-Q<\[\\OȦ \DAܔ֬Pb4\\\\V/L~\\x\1w\/{Q6y,Gbɶb\h*\-\a5F\Ur[]`\8OWD\0g\(Q^^.E&u\l\NC\Z\j\\\nH\\&O\\0\'-\\@$WH\\\nF\(\0o\-m~!<3@S\yœ.$0{;>k[4NC\zD\n\\h\\\a\xl0&YA;6Lg\h}/`v\"ete\:&+Ț[(b)_ky\y\\Em\\\"s\n\\[\ҳ\\=.	\(7ґ{~Ǹ%zD\|]iJS\|j;%f6a;\2ƶ\\@oVlp<R\!)S7\"\K˯c\lD]U\\N \\.\(Y^ݩzwnw8\W6S\,%Mת\&\?XzC\#\%)L|$OH\;Q\c5C]VH\\+ic11O\\k{|w\N|\b\*l\n˼ĤdZ\'YT;2%J`\\\\N@\~\Zڶ\s}\c\\\Vj\0m#{ĳ\dv:\\\E1\"1\Zyj	\\cK\\\[b\\>\y7\mec\EPthl)4\-h\ʽ0?y\C\'E\y?	ȔVS\\AN\G逬\\M\\-\9+Rڑ\\\0\5k2Ve\\rs D>N,o\ \	F]@BZ\^Uו\H\V\\\\\ؽu1DO\\}|!\i\66\dL\r\,@\\Kc~B+c/y#\	m\\"P\ZH\mZ\\\\|1\0?\\&@.\\_@	Z\\\\_U\wD\kwMjVh\\\g\nΛ\V\`@%\\xڸ\]Bo!\5D\ۭE\A $.b\pbFFamU8ӒLg⵩96\eU}\Z\<&#\\\\\FmPW͟\\\\)!JAo>PQì\R-\"X\Z[\r/\«[{֒Or\e1\0#Ωֆ\\,_V\gfg\\oh\zT\rYb:Ew\Z؋\\©\\V\0ѻ\&aхֱ\X-\|\\\_c\ni\\\\\ϺXe\"mH\\!\\\p\qŁyʫCCI\'\έ\ o\q@ǈ\nc\QPoւD\\kņw-g`AUKb.Tl`\\\@\\[\(xUIGg4AՑp\Z\\\ϽbW\sS{/߇7~g5[_vAE5p!K\m& \ڽ:\@OsQ-ȂA#%2\ӌP猐NYuh\Z|\\G\\\I>C\3\s\Z>\\+\\\\'\P)l[pZ;\\;\\[\]\-~QfTڌI~hw\D\\H!\OBM\\X+±0tH$XZ\ɕ\\4Jj=9^_5H2.7j\\9\\c\:\ۥ\)W\n.b<32|Yro\TqPΣ֚ߺ-[\\\K.!}|NzPᐂ\\\\\.,;:\'j\0AI\\UH1Y#B\f:\iֽ՟\\-\(I\\\'tm\LwWpK\\jR#_\\ft\]\r\"љ&\;?+(\'7\\z\\\KMVi\\yPz=(}{fy\r! \(,\dN\0&C\\\{6\"Toy\=\(\\b5g,j\I֙n\\]5wr+:_8GC\\Y+\8oh\~\=xa\d\rN\<&~]\\1\H\ҁD\gX&bUr\0p\;\aTkɒN\UK$#.=I#\۱\\,ΰtM(JwJ#p\XR\e-.׵vWP6\kП\7BR\N8i,DKp\\$oPc\&\0R\6X7\P\\XA+>\9\'/M\P;+.w!\g\\+\0\Ӌ=\\-a\Z\\\5̶it\\\\\\n\nJ\\\cZz-\x*N}kf\\\H$O&JjCCl4[\;\<\B\f\z-9A\r\	\'66\\+4I%N/E7\\AҤc:Wq\ҢQZ2yA˨w=p5qh~M\\\\\=\ze	9GB4gkۇ\9r8-/$Xw\\\'\GT\\r\i<7)UU;2\4	^0M\?eYeW\0\>s^L\\3-\j`ߵ7.E.\\0O[?I\Z;\ŐBHR#(JENBP]-[}\eI\#A~I2;@\sF\E\a5$hw@A\n2%E\M\@J_{Ɓ\=Tӽ礮\D.8qHzv	ѝo\\'8ܤ;𿝞\\nNSs:\\B\<9		\ާ\\0\\0x\K<\I}(4`<GYFظ(Ke\\\b6\_ĜB?7ˎ}\%saڗ`?5^\q\\\Fo\cd\b\ɿ\0w\A\y?`:F\w s4\Kw\Ń\6\拿\8<\"(ʿ\\F卲\\F7@%@T55+\\\\\O\ZKp-K|JV\Q\\\8\c\\O\Z(xEmo	$uQ˳	r\e\\<	w&m@~\\\h΀H,͊9aFFG`Tܗ\{\Zivzwi\\\r8\$?Ʋa \\ETP\Z7\w%\7]2?nL0i!_	\suv?\3֊jbAۉ\ϣϰM\rt\JOn\\\\G\EURi_\\\"Hұ0}8\ZdԝgԻ\nզ4SDwhKٯY&;\\\ͫ-xB]\=N}_\\R\Gsa3=_5b\\B:\#~+ۗٝ\{\\\ZC\g¶`U;D	p 節a\z6q\\\%\'ybD\˹=F`\3\E&\DȌnttm\OA\\\9\{Y\\Z%Ao6H\\E\#U\"ݒd9Ǟ	\lk\H(^\"/\\Aᜳ\mhP\nr\_q\0_ᠳ^<)\\9\'_|\r\\o6mk\Sc\h@<A>\r\\r\0[zKA#;\\\r\p;\Q\nm\ZX.\x$H9\6{يn\n)έR\_\/s*\Z\]s:g|\#M;\n\Ds\4jAᄫM▜VvkͿqE\}6EH\\D-Q\05\5&;ƭݩD`\\Q\BK0\ʲ^ˠr/\6^\KyHI\̓\03fǷ\\X-Ke\{(|\\\\\\\Zk\,xTJy|u3sj\~nTjyW\lv\#*\\\G.ЯQ\\FPc\\<\I\\ϛ?\\0\yG\\~\\#x\V\\\BxcG\~bKXͳ\\mI\'PAV\WV#1\"Vu>\h\U\ \g\)\Z\	UZ	6\B\؉\5\) \_:\U~\\"蹉pq?F\xwWd\f)^\@-5S@\(5x^\W1Z+M(\#\_\/\{0ίfrX5}gy\+D\Зv\nոPM^Hh\ZsAf\o4\\LI)\:[%\I9cR+˺KZ\`=e[yc\\\\Ϡot@ks\'W\YAja+\\\x\ƼC_\\Rd69\@,\A(h\"8ЛH,\\\Mڂ\6\<D@3w	Ƥ7Đ͠Ẹh^\t}Uq\"e[qBյ\6f\\\\`\uC]\~\5%h\`9֨\\\r+qmTt\2\r\'\\65\ڍat2M\0F	Ig\\0\xR&YxW;\'pv&jLй;>a\a\gQwe=	mF\΃\"wo\\3\E\\JY\b\k\N\Uz\n).|\Z\S?\Z\\c\hk{Hw/G\0\\5>ટVU\\~RX\Ұ\\\i\T\d؋ϿX@\Y\:^r?/_y\\\\7%+Y\頹;\z\\1\\)d\\G62Sb\k+ņ\\c4(\\'Us\\\\_#\N&\nRqb\᥌N8_`\n\\\9S.\n\tvm=Hg{\r\0-iB8#ݔ\Ws\@\]%F\0\$rj\\9^\T\Rl\Ћ?SRr\!8 cSPc\n?\p\+Ac\?ҪT8\"a\F\-?\[L?쌬Mʀ6un\b0\1\O؋1\\auE#{\6a>qD\vqcDS\PzuP>\×O.|\r\L\\s\[\\)\Y\\+\.}3tK\hթ?\ﻡhrW\T;I\"u\XQQ!]\Zfܕ\!rPX\H\S\r;V9/\B\nDC<\\.\\\ \&$μ,I\b\K\4]f1xK\>߆?^IT\Y:\N;cĎ1\\\X9\\\ J\\M\F2\l\@Ņ\5;M\ߜ\\<nm\\w\riƴvy j\3@&H`?\6l\".YWեB\\yw(Jn\1`\rE~/10xv\ZT	[LC(q\\\\"*\G\ TZ\w\\"v^s\z\\[}LUK\>\nYeU}\lH_Gǝ\l^\\0f/\c\3Ãg9W5#VU,\Z\ffc\$\\-7oa|\1I\\VRw\\Fɞ\j\\\\P\"2)f:u\\\S\G\zL%\.4\/\DH\"\\"\\cr̉ޢi68 }kԞ[1M\\2\sFνxr\)\\72\jT\3\	:Fl\\.FC\V$[oX+Wz!Q\uô aЀ\rs\l%\\W\\'+j\U\ngq\\\Ef8\xo \$%!\c\'<SO\Yӷf5h \\ȃ\ͪRk\U,E\Lw@d\\D2\:+\nu\s\&]7MhI/jAcjXi-\0R$`؟\8\rrґ\ݔ7E`K\\\op&ub\jE#R\<e\\uC\\\\\\XWj}5\O&oC\'6Cۭ66⟪G\E\!}ySr \F1\\rsĉ\\L\U\\6\\"ճsq3\0)e!\\c6͖Gfai9~G޲V0h\w%r\0.\Vόf\r\n\\-\\y*bOJOĺu3g)\I\\HZ\Q\x\W?G0.U.}|\"\\ \\re6<|x\I\fzkGA1O6\S\e^\5\\\\.\%]Ti96\}ѕC^~T\\\~7\ߤ1Q\\0?\\\j\n`d\^jHs\r)Bq\\\)ߪ_ư|\µN*t5\zw\kc\_/Yܻ\E\.ĩ	x\\%\ķ\\fRְY\0xa\/\\l\nD+\\M\bi\0\\\ɒ\"\Z\\}D<|\Vy\Uʎ˱\\\\~&H?ۄ\rˣy]ƛJ]eI\\-5f_$K}\:!z5\@G3B\0[K\mc5\]P}\	z!zF\wi~2X.b\( >\'<$,G\𬗲O\MZV\K\\hir\ 5`Ǵ;_,E\y~PR\"W*`s\ZC\n^cfW\Q?㙛Bj\\̪yB%\\A\n\rtk:ela\c\*\\óF}\hd\\\\\0Benəvr\+l\\y\Q:\2\\~\\\x\n?6R޵\?\/gL|\\\8o\[\:\a|\2\\i\~?\0Q-t\Zd\\>\e0KZ\:݇\\\\Ծ?7ӛSanZ\:\'\')\ޓF%YQ\un\\\\'K\"\^p\l+(ZҶgy\\uy=u,\@w]\\*\\[xF\\S_$0\M\ \V[\3)%w֧4\\>f\\\\\Rbԏ|\n^,4\nS-i<\n9m\mN\}\67V-JRU\Kph!drRa)\\\EB:M!2.i,\\IAq.\:\\n\xl\9o\AL޺\_a\tח\\'16p\1\X*\S\E\nڼ\=\'3M-\\\PS	\vY\\u2(\Ծ\\U0w\]\\iH}>\_I:\\_\\rr\XuԹU+\IV\eOqf^\\C`G\B\g\`K^A\\\؛\\J\9\@L*\\n\Z;C\\J2e3\\rs9j\ԄC,bb$庍nt\q)WF\aQAI\Z\\K\q_\A\\x*s>\\Ckn\o=KQ\0\X\aaBfsS#VW;d\7N3\\]\\\*P\qveZ&\\\6a\d\l\\\G)\g-\\'Hݴ!\\~5\ \I%\ʧ\vBJ~+fϒ\3[\tZ=c\\F]B: \\ x\P\zHݟ*}ivD\\ߦ\Z\@9|\A{\T\Olz\\NN[bx0ߟ\1)Bne\Wo\HDcE֬\R\%岨;\R\0A;äf1P6\0\`,\r\nsT+d\\C,ҳ\r\F\zp\\-*\뉫^B\SBaS\`5(q|>\-CG}\\0!͂|V\ZJ\>\q\_7=\螩\\\sYFڙM%ד\yT3}R^R\\C=/3\6\\O8\fأT\rn)\˱\?n\,?)<:N\_\\\\\V#\\(\RMpI؞pr\$0\H*lN{#!L\\fСSY9.&;t\5;\-8\Z<xe\+GI\RMp\kf2~*9P\\E4p\Qп\	\\\\5UY\\w\\skY\\go\\\o\5\E`}57S\w\\'WH?\֋q\n\cAZ׹\\Z3Qy)\!^[\qdYhdb\: no\6\mR|\,LڕƲdV.\\\v\κA\Ǌ\~~K\v[,\lxa\G\\?\rZCa&*\n\)\S4;M\JX\åIzL]\<f\^*7\\rK\\X\.\\+\p\\\mا\<\[՗k9.P8S>rpm\"9\\:%MS\=G/v\%\r._U4-\D**%U2=\K\\.{7\Y\_P\\\(˙\׫\'`(M	Εy\!]\nf,yt5A\0T\\Xb1so\>b֎%y}\\=d\r\i\0eWH\۹HQ\J\pOw\)aZ.Q^_\nq(,o]1H\~\Zbr#>S\\*a.\%\Ej\5۸	\ݺ.zOO\\\\v\7ixͅB#ȅ\B\up\8\fϝV\\\}c~h[ƎQox\FN}Q7\я\D!\r+vL[\k:QeH,\r1k4%N#\r\r\Z<M8\\8\*\.:/O\y\i$#\:\c\^.{Hy9 ~6o6\\q\8\nqv;\j4|s\\%,BIR\\ڮǈ?=\i2Z\\@Ce&\cR\\/^ܢgu\_#y\\0t25\\df\u]5\\}r;1_<4\KץnނЭgJ7g\U\m@YCP䑬\\=\A\\i0=*\\\t\`\rmk?\KS\6PwT(\\\˴c\\n\f\wݩVF\«!eUO*v\$\\\LV\\xQOx\T\xÚ=\"\\SC\0\\؃\\=f\@~\v5\\@0Q\hP1\\(/B+f\0x\?U\\\nsT\+\r:QPcUA\z\5XgG6aʇ+?Ş3EzEjI\]{\\+\<t3H \8\\\7%(\⳼7DǄ\{`sTS=\7\\#3\V\mm\Zۑ:7[q\'\ؑ@II\&V\\Gr \U\\#\B2=\8\LpR\[\\z3c\\\\DMi\,@(\i\S\\\0\\T)y03\n\]\\Z \\l\t\\nŶf\\I\6ȧa(6%լ\ .s\ZLgmZR]5F&>|C0	11O^XZq<\WCN؆\o\p*x\oV?\nw\1~\ȯ\:\I\n \n;c*|6~\\0quu/yV\\eS,3\%Z;G?dI\]R΍>n\{\	\Ա?;X}~y\\u7\\VĞ\0r \\\0Hu\\0>\\\nMBޡ/V\\B\n\5\vǗE)O\\	\ˢ\Z.Q\'Nm\"O\T㺻eHGGh\\cE>\Q\o\0G&ˈeE&\-dMLE]\"\<\Z\\4SZ8:q\\\n\(P\Q5KK(M-\͌2}\9FlOzdϏG\\\y,<ΣiW\\Z|\\ߟ\6ra.aa\\NC/Y\0p\@\"\_\kz{~9\	lv]M!UAe{\~\oBE~Gw%ҫٸdl\xJ\\\\\rrjp.73x\\(JQ3s(\\\\Sb@]E\\\_Ub\X?\\dij=ʖ\ZJ\ytd\M\\\'v\\.c\\7=[\ykOX*Ԕbc#z \?/\s:\F\\\\>f\K\m\\#fT\KGL\\\W\0\̿cV\\"\\XQȷff\\[}~ͷ*OY \Q9\Ü\ޢi)\\m=s:\!;\\C\\\ZQ}>]P\s\Q9މ\"z\G\ڈva\0OFlc\rǹҺJPs\pN\\Ϡ+\*[\\w\\0֡\\.Y\R\$c-\\\F\nЬ\\O\\\\\\Y\\'\\fVț\( \r\D\4\nUf\4`jF+\ZL6y|\Z\l\x}q*\rAv\\/:\G״*#ی\S:\9UtO*m\'!\H}y|@$&\as\Q\h\\gy\L\SAg\hR\؅;uD]\\\\\g2ͽMƩ\k\Q\l\\F+C!ak^dT(\d\cT1BGLC6\\s@9fshpLu\8SQ3zf\\\\\+tk%\0\\\gcB]盕x~\=\ep-n1b[?c\cZ8Pv\\J\]\'t\L\`\iOڽ6t7OT#\\R=\\*\\7\ؗ\rȓ\e\\9&{z(y!0\0C|u\\\3wtfw\`\ŉ:ܫcd_`|=\v@x\x$\&<6\.\UZwc\\\\\ac-:f\\\T8\F\0TR\\\c5d%j\)\E27]\\Aq\ZW	V/̓Ǔ\wʷ\8V|\\"h]ōg6;Rb\"\\y\݀uxX\nxyNP\\%\\$>#\SҺ1zi\>\\RߺLq\wмu\KDVvM\E]rK\E\{  \0@V#\ZK\\/҃\4P)o78ȥ\*%Ϩ)\nEכis6:=q*䣠㏕S䔜\\r~Κ;_\඼\r`W\\6\CD d;2\jW+\\Zb\kJ<^nD\T1\熝>[NA[I\#V\\\\n\g\"J\|ڐ2È\\9!k\x~m&X\:\H\\\q\\\KAb\%!!{xp=\]c_!ry\r	\\8E_Z-\F|\\B\\i\CdP&٦=\e\"QD쬳E\Z}\"\"x\Hٚm(`\m\1\\c*[3xG3\\'+=r\|.SQ\B\\\\'#Q\\1Æeg/v\\N	\n\@\\Zꈑ?z\\f\fԴ\n\\#*\9^D$\Ϸe51\iN\OP{c??1!y-\\rD\^\\H1n\;cJB\X\޳M}pB6\ʁ1eN{|\Ra\9\a\\"I\;\MzF\>;\\.,٦H4?mN\D\Q\@y\\o\\nП9(\M<rVJ\ɖW}\)\wn\\k0\\\\\mE\}SI>ZgoՇ.u\\Yӿt\\Z\6gcC\03 \dqAϸ)\\RvSc\rS8bc\\M\p,5xZv5eUnt*_m-\u%\\0)Kmg0\PJ[A8$\*g\P\\n\y\e=\[X\\m$ފ+\%}u\c2\;USKJ\\X1J9z:\\_Ú\\\\"\Ҕ\7\+F\,$\<*RiJE\zK\ۺ_?yQ8	m\0\u5\LRBnm]a\!ita|њ\gSnv¸\\\r!>C7~:\\0\ZRe\\ݾ\n$M)\gXpqx-\B_\\l\v\\\)\*\"Rmn\^%;\\\[*eeSy#8\5=<T8d	\\|\pq&\Q!\T/s4ɸ\0MZ2zv\}<2G\Sۛ%1(ʞjŐ\$S$ R]/\oiA\0^\\\Z\\\rKٶr	\\&\:YX\rO+@\9wK\\L*H\pl\O\/\\\B\\Wk\1\\sCQ\\xPM\\\7Ik#}dMy1\\3Tv8i\\Yq\Hq{^u6{\͙sȎ\\_UCd\q271ʍ>֣\灩s}\\9T\c\_\\0\\\\PmQ\umGbreU9\\'4s6N\\	L\nCQ\$2\y8d[	\\~&{E\\\n\rO\~\\f(\\"?(ܫ?\ké#r_x\X\y;`,׹\c \nZk\7l\ݕh\s~+\D\ZQd\(~9{\\9c	B\+\\Lqwjx\Z;W\F\4<D5a\8(\(\^\\r2X\\j\m\\\3\B\\\9\c6ѵ\\$C\\\!\wZ\L`s:z\\.TGu+bZd\ex<lW\0:\<U^	a@\"IlgO\n\\/vK\Q\\\\^\ra\n	KxR\VTyJ\̚|o\g\\n҃eK\h\E-^\x;]\n1vK(\"D\\(E\e\Rj.\\"͝\\$\#9ͼ\+X1Xatŀ\-TE\MbxZ	k\wC\OWn\\h94\v\ٌ^|T\2/\\3\kK0\E};\'\n*<@P\Z\Y8\۳TG\\\Rꪶuvù\|\'\k\\f\C\6x&MX\D`\&\>市ҍ|\4ڳS47Y\{/M$\r\\ͅZ@$J\\\\9 D9\;\\cofNb\3l8Km.^Bkk*s\۱}/bfcI͹L`\V\\8~#**r~-˯qT\MH,Zu\QM\dQ\\[}+jˋ䮮$zIkmMjIaU&\\nYs\ZG^\r#\\k\kwȲ\qrd(Ul˩9\\/}Sf_AU굌ge\X\sjFK\{\\H\\W\Cd\hBY\\T`vy\\Z7I\\Q\n\m2f/kX	$+͈WbKE2eG\\$h@xs6\\@(+5Hi\0\I/\\y59\\So!\yǘU4\P/֙\Z\ڳVX[c\r:n)\9\Z\{\r(R@@v{\n\UUϧqq\\0H\H\)\\\j}\;/>\\\rIUy5g6D\\_\lԪ\tJB)\_\2TfI\4\"	4H\ma\?\r\\~\bX\i(.8\iw\&)rcz[\\|EM~6]P7mt.7G\t\m\c$^\\{RƧ[tz\0ad,u<\\]rH\\Y!Ɍ\0^\\\ru\\D=v<q0Ռ7$sì@yBuH\'\r\O-\%\rLӯU3Tr7G\n\$4\1\\d~tR<(A\t}ҋ]2V\\\,\oq=\"5ЪVo*\>վ\<vd1\LYn\k\r\iI3nͲDNCAL$\\\l+34N\G\p!\w:s,B\|XgR*:W^\Je\\rS\\K\d,ҶpY*6AӘv=\\~8\"F-J	3Z%wPr==\\\Ň\:\< o\|yqzNc\n\LY&\3:/W3\\̂M?׋\6\\\\1\f\'0;L|\ԅyL\kF\Sz\qd68jNP(.s\\\"7}ϸX1BHUkTJ\A-O\@\..1QE6\T􎐘j\Z)\\D\\H\"H]sĲ\w!;6\Q[dFh@\\|%Y\\s\\j\~Ůxk\5+\lU\\HAf&\5o4\Af1\'&\\n!\ZI04aV\\0`\D6\e\\BĜ{!\r*l\\\S.,NՔ\?\B`\\"=\\\\"yn{//z\USuC2\Y\hOK\-\\\0\:\D&F)`\'`~K-\\\\?\\o gv(5\G.\[ӊ\\nP\]\r.ʌUҽ\$\\t\\\g$뭂a츈\0	T?AgG&wa^\,\R)\|y%\'2]\"1PÓ\b\܃Ư\}q	΃1\\̎S\ܱK+_fy\En\<\b#Tߥ*\\nk\\/8\q\\\)Nt\o\x\E1?\6V}\"ـψW\T@騕PL?\\\ZD	-\\\յ#|H<\\'!<̑z\1\O\̾\PO\Zw\ua1MϪMѴ\JWg;d\Zt$A\\$>Eg\\'\\tG$q\6R\OP\0a|:\z#USs#\Zfy\\פ2(t\{hٓN\\\ڣ\\=`;P&4\3a\y&\bt\5\J/5z.\n#\橍M(,*{\\_-@6\twPE1ə\xkN`p\g-\3ϫ3(w\3]7cQz|X\5\*#r,9nH\(%-\Mvq& ,\;kG\"Q(\.fΛ\R\\rx΄~L|\0\\"|\\\\\0W	]7\x?*$\"*|\\<)\Y!Sǣ	>w\zM\Z\v\Ziw|ΫO\Xv8NKpqz\=-.\ʑ\^\x\r֗\\\\\rFX\Y0:\0\ۘ⽋JW_\w\j$\^)b2J\#|X*\ca.5\c\\0\rNxu1\\m|^k\\\#瑴\(P\:h]~\'x`f4\>\\\\Zߦ~2Q΄\T{\N\=\\a\0򚲠7(ͩ\NcIm:\\\\KN\\\\\-|\'9\f\?u\\ז(\ZE\\\\\m\\$\\\0	\nv|!\Ƨ\J\XRt\z\G\h\0e~	s?\Z\\l\\6ZW\`ZpiO_rn\F\>7}g8B,\o\j\x0Z/@׈\+)Zg\\x\ZlАT>\k\-Q\&09|	+;\a9((XCďn\A\/?A3۳yz0\夼V\\9-()O!¹_eۍq\\푃Q\Z\X0\a,U@\B`,@_NEZ4\ΰlM\/7v\!q\2\\	s\1c\\\V44ȄyFa؇RД\Մe\\\Mɷ\\\\BbSـ	\Ӟ;<?\\\\\\\oj\c\=`2\AQ\(p=F\\\\YPP\18ÔYq\\0\=ŀ-\֯V\/Y\PT^\\_\"E\eĨ\|\g4Ho\R\7՟,=;a-\U$ciY^ϓl\8V\\\\Zêf{]G$7\\N\ڔ4\'\n\0ظ\uMu]>e=\u1 F\k\I(-}\ k\CN\n{\\K@swf\>A;wtw`\Tw\\"OE\'2\&-Rg\ד\p\Bck=\R4w\4	aH3hA#|Q\\+*\?=\\n\0\07231z\.)\\C&`\@=Е\В\dV\\dL]f\QTEl \逯\ǈ\~YUF\}!n)#T\ <NjTw6똀gx\V\p#\U1\]d=2\zA\7_\HK~l}W߂\Rlڲ\e\8\L\ZDS\#=1f\\\Trf&$\%t0~]F\Z<XQ*6O\"^~\BGk\sR쩒g0tB\Z?jsU\f/k~\X\⅗\\"W󣝊\\H\\\鞸k\+\iv\ȕi\W\	$Nܣ\\\\v$B-`С2\Ղo\apmV-\0\\(Tϖh*A\#\\S8К[.R\\Y{%$\ ԏIh{A\SCzJ?,ps܋kȞ3\GC&\;Pi\w	At{\1(\\#eX歕I?xZj\W67@IFK\SIU޻kc\4ǹ\*\_F#`#\\(z\\W	\S\"W$q\ r)ĊIixN\q\q\i\\#\\\\Λ9;\\wխ\\\\'2m~\}<\-ε\ޘ)C^\[S\ŌJN\*K\n\Luۆ^\\\\n(\r؎\mZ\Xٸ\\\#\}UXD`epu\1wy\z>\\A^@3Ҡj\v7*P&\ ;NhQ`\m0./1S\ܛ	.$O\\!\\\+\_DZO\\s?A:>5\\r\nH\*KO.\\w	WV\[-\aVF2:wb\ϡ<3\\\PԳ\P$Рayu\}7jO\0\\Z\\\;@;`\i\e}N0\\\j\\Ǫ^\\	\ZCqj\Py(\\Ը\\\'KZXt\?|s^\IZ^їΗ1OE\\y\#p~?@\7s9Rz\tl\f+Pm!Lv\0\\PW̐[#,lh:}\/OXM#_Ҕ\\%\\>fC4vȞu\\e}\\T5=\Z\"O\\k\UD\Z,܈J\\0Wa\$?T$F0NH3\\SrXh\\?6\\uR.3\C(-	ŋF\{\7cd<\"e\Sz\\\\H`\\fr\svZUt/,n\^\'x\hQ\=\A)=\*4J{\\N|UG\t7\љ-1\q*L C\\k\cdt}Aׅ\Xu\yI\&\8]IÐ\Qr5\2fX=3/FZs\n^\e͙DǑr,;*tL SIɌt6N\Z d|DޏY\\\v\j;0\k_=\\q%}\l!u킣\0R\\˟\.I*\ISy~vYf8\C\\֭ !:hS\\\ۉ]%*p\j\\\}\x\rRR?pSc\Zk\\01	C{\\P\5KM_\\\yd\'\:\dp9\\	_ڟ+4oK6 y?v5i\y\l\OŢ\\^Oh\\\\\~\"\\Eu\b~c\\b\jsb\u\{x\^ӘM3\5XXŒx\zC\ⶋa\\EfFӘ\nPMB-\r\=k`t	EE\TDA@\ݭw3P\k8\_\\\1EM\BU\k\ID%5ѕ6D~Fd\gs7MyUPg\\*\\	\0@	yOI\5D;)\Zz\`\\`&\\u\\kUttb\(:C!\\S\"(\ϣ\oV+F_N\B\\Ti\\b#\\pM\7\ϵ[\\\jN5s&⍤\\"oqf\\\:£U&Z\n\`Fw\EŃ+[~l닶#43\sȩ¾z\D/\l=\I$\B\M\y\r\lJD]\M|6\\˒6\\\n\\\۷\'>+\\otm\\\4#\(/|e:\\[\\E?u9[\0\\|Zf*\ky\\0}\jZcZ7\2\d\7\Q=󴀜\E\;\La\\\/\3C8\K/<1e\/\\M&o\+i砖4S\)oX\!|G~\\'d\";rǺ\nG9\ I{\\r^qXn7C_ n4J4\]2}\\8KL\EގT\0dY\\\$@^(\٧)\/\\s\<\\ߺRПY\\\\RFaȫ@\6>PJ\\+\\\\bu\_\r\\\/Td\s\,n݄\Rߪw;\&:	\0<,[\U\\PR\Lv\\e_MP\,l\9d!u\\9\\4\sllwة9\S\=?\/00\nvvn6\r\\,\v\Ԧs\\3ߒ0b\Ì\telZ	*%w\^#\s\\L\=9.wmĆck\\\\@\]\\Ogp9ZU	z1.>p]e<\\V?ZX1buQXXA\\8+\[\\{Xe3ê8\\\wCԥ{y\#\Z)a\G\?\\\syA\\- 2\2-|<@l\a\.\qLaU\\1}s3!?C\yCAOE!F&{Pg4\l\8㘆\\*\L[\\ܒzh\"D?\Xb^\\l\Ҍa:\3\{\]%l\v	_I$S\W\\\s8q\n^=VT.y5\L\dDI	\0Tl_L/ԣK0U\\T\21Ga`\/\xFu޵2F\\\%ր@6R\co5\;MPf\\\\\w\l[	SP3B\0\W+KB\H5\\\J\DK8\\\SMPԵs_E83>\w|\F\M \ŵM\\_gx\ZV\"/e\Z̥\19\0#\\	\\\$+_\oBƧȗYĻs&ª42\l\9:vdؖM!],(W:6l\\4V\tH#\0~Os\M̵+\&\?+\z\"\\Q\\*N]\nqz2W&\}Y  {\a,&\ctf\#[4gL\\?m\$翈rW)]aj\EK\b;~ݮ@R(!3x:8\ ב\nslZ)+\n+S\Zaquyq@b)V\0\\\y\H\\jZ]d\\7gu&w!\'\O*\(5~>e؞\^\\"O,\"\<´G/k)\ `5w\Hu\nTe\-}ƚZ<\L_ڞ]4\.F1V\z~DemM\ \ƠԜ4[o\<|3K!W1.\\\\\.V4)\[Te\">D;;g\Z~\\1\\K[9\\"Z&\\aN\z\ʎ\Z\\2\\+u\a\	i:Ӑ\r j0\&Jg,Eܤq=IAVi L\\"%\-\"u\\q\\0:\īG\m]f\͑w_>k\QV?h\__\,쒍S\9 P*9f\C8,\Yن[\\\\\ز\N,A|30\>\\c\~gǺ\\e%\?E\wW~I\Ҟ)a#ƍ,zkA]Ⱥg@~2\3A9+Nۿ\g)L13o\=Dx׊ַy=\\\\BƬ8t\\|]KZ^r;=\ޣ\-\_\o9lEji\Iq,\	g\)\e0=\ށ\\\\\o­GFM~\rx`H;KxT \%K&va\zL)\\)b(y\0x?zw\*\"f~\8;c\Z\\]@\"+t鐛jqY\\Z\g\0P#\Z\\%l\O094qU\Ǚ/Z.%!Z@5 7g|2\\\T\,\\#a|e`ߐ\\b/N\\\\t\*\\\;%$\\0ɠjϖ\K_Z\\"5V0RM-ځ~ȔXM8\\!tԱrK98+\\\@C\\q`n\0wS@\C\tyX{yM\r[D\'W\}%\k);Z\\jҘJ\Hz&WG\gO\0G6O=u;\\0\jX\Hqoʳ#k%}\\Y\\t\ \T\0\2ѕ\Vۈ\rxԔ\,);l\\đ@V^#I\\A7\\d*%)-R8OYF\\|H\A~k\ށU˾SyZ:r\c9(o\v\\\\&\Ҍ*rRK;\ZE\}C+.\\\Ò\1`@\VI\9eY۵\t%\y\x^br\G\W;Bmb\ӷ݂\غ\~:~`\ewFϴ\Z\:;\^\pq\t\[\X4%E\Zӳ\ZX%oj\\r\'WD.@\Z\O\/ʟ2?Ԣ\G^Ry1\r!\|\pp%x\"Lwp\0\\\lb_P&\7{\\\Wc\\\\zQh{9|:~\'dL7\\ZWo[\\\\\\3zX-$aŨT:^Ȉs\\n\H}\\dv\W\\H]\:\47i\)>|mlg5o*N\"}\@\%SwA\@\\Z\\0g\\t֘\9ħ\\\Gl\\2.K0X\a\ϞPW\\7\?\}e\8v\܀/a\\\߿ó-LYbC^\mG1w`{\}NV1\ޮ\(2\\>\\7iɲ=4d\y$pz\'kkQ\a\\\"|\\n\\򻇼xd&+W%\"\\\W\0$\ņ\u:\dV2Dx>̷`\dS\\J+\ͶͲ S[-LR\\\\Ðs)TjrC\\<&!6aEq\\U\Z(Q\s^^_T\\yٰ\"4\"\\\0#s_9׺;4\֌\\7u\m31,\j\r\\Zs\	\\\\f8Zj\M\/vA\\u 	$\\p疰\f r	\	t/cOa:\c̕\'f㻝%\nH1N1v\lu\n\}?\\\A-M@;Y~ǡ;t=\?:\\dm2Z\*:S\\9-rh\Ea\\.\\KOSto\\U.į3&j\"-$X\" t<H}k \4\\h\\0	๙\rz5gO\r\f7\\\\*R*b\1ӌ\F8}[蓑{Qw>/\ʔ~k㭻ɻ4pOh3\{2ȥ?S*\0\\\t\*pl0\\>\\N\gb熎0ySpux\\x\|o5#\\Z}\fth\\\?#,\g9_#it%\CA@\ʱ(J$\L$ǜs-nb\x{3FERL\Zq.\u+\~UR\@\O\\ʜ>/bmQy\\0&y0?!&~\[\J\\\w!\m\Q		w\\\0Ijj򋰻\I\%Ŋ2f\ğn\|r7>\'ghϤb\g݀7Q\ZL3nF35\Kf\\\\V_Q=\4^	\l4\kF88\w$\uzsavF+]7\Z\\'DXi\\Q䋈\?\ʯ=\r̦\Z	\E*=ĉT\\>b\PoېV\O`\A\v\=\\'r\\nm\^\)4\"]ʍں?OU\'\"b}뇮lcc-H_~\Cߵ@ZRȍK\Xg^@1\?\+\|Tfl桥7sL-D2\\|t2#q\\\H`%i\0H;VapS@8QQ\'3\VfV)|%@eŌX5\n銱Yo}\\BK\7\pNRf=\t\\0r\\mm~:=Nk\0\c]>6?\\\\`r1rv\L7lj/B\Zn=ōJ\l\9={@EGZ.*]n\\m(Z<\\\,(d\sN\J\BCEĨ\EJqMRpg3^^\nB\y_TѐՕ\07C&Ko\ؔD=t\o\[\"#FjPpU6+\\Xѱ\L;\Z<m<\ʇ;\?#\r3CP\i\ZWһhFY쪪2\rc!!\TMl\Byb/rp\.GR\`]w5ꬫbY\-\"i9\\\PL\o9\\\ZQr\z\G\\\GO\#\G쉝0\ma\T8; b\\=c<\\\ 3\\[W}Npeoּ_%\\QⅿR\rY{\\\*b0YxT-\oƩ4v#\j\a>FeׄY\e}ڛh({*\d@\[$3~U<@d\0\\Ђ\L?a-s!\7*\T\/Q	lf7\Zz5&\k\\Kc{ \\COО\\\o\-X\\`g:Q\rs$\&\n\\1 I:,?ڡg\zGJ9).j $.(\\/8pϯ~\|J!gRoNYy\56Tb1\(:\rB\6\ΰ\:\ip!h+mx3\\N+\e\c]l\yT:}\\#\R\ \r\&	Q4D&F<1V,\0]\0\g@@ۙ\c\2K3\\\9y\\\\5h`a$n\E.DI;\gge<?\\\HW9/q4\\>:G6	hsN`KP\\+pa\ߊ\o=\'4:6eM\\\\O\Iq\\{\V\Z\\jAO\\\<_\d0	޾\r\L~Fy=4j\-pd0\+\ȯ 4\"D,\\ZByW4fm1-cKJG\\\\\7!3_>\m(xUѼwx\\}w\#Do\\"\ngK\n\\\/\\\'\"\\0p\"3݁q\E۵\$\Wے:\uA5\e@\\\n#ICқ\\zçGt\,\\?\\5\xjPČ5/c\\!\\(,!P̍\\\y+y;9\\]\bxs9q\;л\*s\h[ksak\Z\?uZu<c\cif\sy[@вs\"SX\xe\n@\\q#X}\\rt\vOk\J\T`gzs\V*\\'	>J_J\s\\\",*ƚWn\ü\\\T\\-\Z(0\jGO1/Ƶ+E\\6\dxo3#21\RR\\rr\5z1;~UD\\r\\,\LHڅt\|K=\\Z\\T2\0\0.\Z> 6@\\\\(_\'o\Zq\%>8*0h\u*\j>1\n_x假+\\I>qM>Xe<m53W\sW\\|n;.{.%FL6lv>\3/˗Vu\?VT\k\%_\]4вׁ3>\șa\\LEe.j\֌M\\\\\',$\Z҄5j\oq`\LY]˖г\b\q^c\)\MJƕLN	f\~\P\ڤ&!6\NR\wЃ\(aaE)2!c\_(!J\\iUf\T	\?E.\ȝ\0BIHq{ڝuLamC\߿n\ÝFzuS\'I\/\'\{k!\m:{!+\gd\\N>>\z\P\C8\\\ڜU\\ٕv5c _k9&H\dgL\\ގ\=t9(rsa=;JITGڐ$|^)\ry.\pfen}<C&&y\rRsKю=b\+\\/\~\-K\Azݙ3Sx>1]wV)a\2,O0\Z#(\\P0h_h;a\8ҡ9 :!I\\w_\Ȕ\}\\Fo$S\.\\:`h@>4֞N\0;rrQQhֹp\/\UY[\Mc!Xҥpzei7\\A\Kz.=\\iY\L@sQ\b`s%GJ}EQ&FB)/>\'~0a,4v\oX\'=cb! 58\r#?\"U\"\e\\\\5%\\\ህ|;L\yh|%\SK˱\i\\0Ҧk/\\t\4Dx\\;\/FYР\_P\\'\\Z}WIȎ0-+vquz2{\\]Xw\@v#\G ~>\\s\t)U\Dͮr\\\+_2\C\>\qY|\U	՟\+U\\2\\Zvz\Fp\fT}[\.̕>aUUɷSպVa\\yg\2\Z\QȀ#3I\Uԯ{D_v{\d\hhc\4\4]4W\\a\]Zd4v\\5\]a*K=5l2\Z\\A\~VFy\\D\YX*Fx\>\\\9\rLZ%ٍ;9F\ys#fՁ\~2\\"NYeqr#\r<ΝH\.V\0U3\FF	\:q-!fS>Ԋ\s\T~Y~>D>\]r*=ClF\ZOĊq[\	`\<W_J\ӛMd.!m\Vy\d\\N\\UC+\fZ\r\&I\\rf&SZAy+͛2k-\ŷ\?\78į\'[>S\js\L*-M`0ј\\jMRwf&\:\Ⱦ\[bI\Ţ\B*\ⷱ#q\Dkm\;Zu%@\+S1\IfۧZ+=bt3\\]ezސl\\7=\\T16\妪F\\\\92c\C\&6m\Z+iY`#S(Eߞ=\\-\\9\F2b\\0CQ*q\q\Z>kO\:ܻ\0*F\\\z\oS\wnj(Ѐ~P_\suR)P J9I\׽\\]K͘nޚF?[\r?\L){;\2\'\9MCv4$B\jVŏ^?un\n\\\\S\Lr5\r>.$\\R\ZaK\'\,\wA~޶d>U\4xi\߯W<J;Ѝ\X{ɓ\'ot\n]\,Kv\\s\\oRt\\X|ЈA\R0\\\vILwhc7Ϭf\X/\3$0|k߆yruKC(&#\\됭(`\@\Unr iKZa\Z$3\:\\r\n.V\?yL\\t\u 5Kpg\+\F&]:^{![x]C.\8\ZC?1qm\#`\\߮_O\Fq~]\-+ew:+X7\X\oF\Ͽ37ɓ]br\Z\FO\}s/\\4\\\󞔇+.nz_\	\Dl\r\ \7Y]Tz+\4\0\\\"7\\iW0\Z3U|mfYT\\خ\rBfLg6\\R}H$d\Z\<Sւ\u\Lb\\'۷SC@\\R.\"fp%cq\\{\{\\^Q[\ܿq\\\r%@\^\\AS7UsS+$\R+ِ2U]ǹMs\\\\"\\ra\d\0Z\8\|\nj\LQ\\cVNZoo\\ad\\9{x_\\\\`JL\/\rb#\I,\\0w\.o(\e\\\%_\\C[#*@\w\tU?:\U\тrYŴ\Nn\kq$rp5\sn\J\oΞk\w\\\\1\jo\^ж\Lap\o9\u .D\zU\n=?0g:*%E\3y\\0\0\M@`j\b\\"%u}H\An\n\^\^.A__Ņ97I<\ZiU\n\V6\^u~?[G*&76\ox\8۰d\6Ĳ:kU\r{=\a\\*B\k\K:Y\Kp|0geTcq+̯3xi\4WxME(\0Bu\\\B\zseS\^\n,\\w:G\">I\\\\J\\Ž]b6\\Ҝ[QY\׸V^3\	E\x\{\ZKP}\'\v\y\\\\(t|3]]Sn5y?B\\ip}z}C\ZD\\b\2\ U\0_*wXk\s\:?QM\n\\|\'-\\R\.\'(pU@K\\RN\KvX\ߌ\Zd[?\Z᳧Y\\\?\\\\;O\KzF\xu\0#BS#\'5\\ר:j 4,!q\.\\\}J\\m	\.\	\\Zj\t>qT\{\rO\0\q(l\!L\\'	\[\x\IuN1x\3\\y*]_\\\\\fK\ۍ5\q`T}:\_\m0řgh\x^;\\yV6\"H0`z^\`\\P\Td\2\\Zz4V\~3_}\(mt\nf%\=\.+ca\9T\f\Ý~b\\]4+\\x\%s0×V]g\ZX\C\om\b\u9EѦ3]Z:~{\!dף\c\\/\YS KA\0rwzhT6(_\ŷ\_}ׁ\fq\.Kу\H\\ni\f\\ADU\!{2 d\yJ;p6\]\a˕\\'tH\"\Gj\.R譙lQ+\\сt$K\\Ԇ\2nosP\밇\FT\\'\+\\\,.xL;\r$U\vA\\#\,?\nF(@\\\0\n\|F?0\V,A\\(&\\ѭ\\V\f\9\\YSy7\̊\"5:W\\2B@$\\\n<\W)\\sMez+|7#5AoC\̚ĭ/⹽\@&A߅͜J&=\n\kr\"y?+\R\;o\"\Q\q\\K&\\F\ZhpEAF\\A\X{X9\3KCbl*\nTux䨬\\\c\kG\|\\}\zj+LcDH㮞`*+;iT\wdkC\8\Aa|Q\R\'\nSv/U铔\\"Ӑʞ\\\\#\xx<DHt-`!g\ٗk\\X\`[\\\ny|DkB$a\\i!\'\\/2\C:\\&ZsS\Tp\[pɕ\QBz\v\~\_Q\I9\\Y6pAy?\\\rS2\N6\wB\\\'FI\r_\Dv\Z\l\`C\8;ȷ4\DUw\\/\revFd|b,\0~;\\CPrwr\T}J+9żg\\&,9na\\0\\\M^d\^{\\\iP\0ĐNj˂Q;)\nbukGl*cnɧ\@#\Gmg2.ǃ\m%hrcQ	ּ\\9^^I>\b\\Z^9\\3ƹz6`\P8LSU_އ\s%YO4eG\7N\0\\%h@\\dg\y\:mb\_s @є\SX+<hE\^@(\D\0ur\!\\u<SӅU\pM$\;~\}.snaVa\n\\꘳$\GBρ4\nZͶw8̑I_\nX)EL\[\\u?<\0\\0I\\\\,\o\ȍ\2\\\\͈\k>R\\z\L\c/v$\\\\R\\\ّv9&\\D\R_R\7&\\BW\j\}\0g­;\:(dxYޱϙ2rdǔs\2Ջ^i\2^\\E*\@9n\3o\ZK]ۚ\\\v2+,ĦV@1[\x\^MU\\˒Q?L\n!\(\\'3U\=RSKۜ\n[\&-\K=#2~Ԥ1g\\\"C\0T>^\E\\ntP\\ס:Y͙\.!p\'B0\j˙so	2?HAxSÏkIi\n\Zf;\\lci4z\\\E9[^ro6XCg[$.\\Vv\\\\:1-\[ӿ\pW\nZ׍\|\p*\\r\Ϸ\\@LY\\0]/\0J\\"U5\a\vS|p\	k\t7\)\SS\\\؈wh\ca\</\\%&X\r\U\.d\[6r@{\ˑ2!\Go\3\PɆi\z\8Ve+\[pܱZ\Dh\Cc<\"7\&V7\Ud\\\r\\5orek\\V\Y\\]\rp(\/gdž\G{i \\Ous\\knK\\_\gE\ݝ\UpѣG{qG\\EQ]xp,<ȗ\n}sB0\5<z\\@sR^\\ǧ26?\'\(8[\\\^PI\Z7k\2(~\3E븓Šp\^O\\M\ry\\<\\p#ɡ\*\\Ϣ.S-\!0ҳA\Xd *9D?\\	f@=۴u1\E\B>=lq$\tUC@ʧ\%\TlV llq*>p\ve1\f\0 \\'G#{	Rqaj\\rT2\ʄQFW#D~ʳ>sr۱XBuf]~{C\$%(NA=5V&(y1\(F!\\:\#\~$;e^\$WBB)\\DÅVK87B\X\\GS\\j6\\\0\\Dd.\"\)Ҫ+y\'w^y\n=\g{\}<W\[Uhu:<mVi-f#\%\0\.5,\r`2D-k\cXo_l\\Kch\!`*\\\+\ܓ\\\q`\rcn\kZsS\"sN:\J\\:O\\&Y\\c|\|4\\`CIY\%7my< Z\*4G<h\8tB\\\\ѝ!:\\&\\\\z},\ܨ-qIB\y\r+\dzp\\˫\?;De~㯻\M0{뭅z_8SL1\mԼNn\ci2:J33\Z\\!Dj%0G?4ٴ}FKÕf\}\O]*Ҍ4;\h̵\\\:z\#<\0	O\sO<,wZixuP-\n|bc2\l=;\Uy/L\ւPkO2	ٕ\Y\n`Mj\r5RLvU\}\o\Q\\0\ZwhPY-\"J\0ã-)6*<[c\9\\\lF\7\\z`\Zꣅ\c׽\Ȝ9ɬ1amH\5jTt\\\$z\渥\n\#M3\QT<\\\r9v2MA\\\D\\F+uOa`#g\\V\\Il\9[Q.軨̧kv\\\Z_Q\SL\Y\nI}\\\vk \diImjej\@.\\ӕ¬̢4[H\Xsuye1֖\Z\3￭aEO\O .nYᾴ\\ Q \\u\\o\.P=&Ui<k\bZ9er$JW(/=\\\$s[RS\a?{~[`{\\'\\mS(9Dcmo}&h@*\nDh\+l\by?\;\=\j\50eb<AL\>\ga5o\s\\`&tޫy>\<F\nzĿ=\\\0m%:͔-\6X_\V\&1M\LEuH#G!^\V\`I\'\0\$n~\)7\7\yN]̿wa+e_F\1eׯ\VB2wY\\zG87u=%\\\"N˒\\Xm.1ܞ\\\.\\/z\-\G\r-\\\d\'P\9z/	\1)6l]L\&a@\_FD1Z\V\\\~gZ\܉Y\5e6\$Z\\\\{db5\n+ӔZc\"fS.,6d\\0\p<\I%\T~uX	@\\;pWتߒӪ\\p\\\'\Sz$\\n)qƜ/רMB\0\\/B]\r|uk\v@:/AA\"gHIY0Ĕ\"ް\\\̰\$3\ZԶ	iLzY\";\ب{CT݇ԩ.\Zp]\fP\i~3yK\Qj{.\=\*-M+\f9fRm_k\y\\\2\Ak-\\n&\z5yj:\\\閻\cdv%NF p\0^\\\|%\l\C$Wi\r|V`\3V\i\H?\&%J\OQ\e;M멕-g\\Atv2p\r\bZ\\<\"xY#@ H&\/|\5\s9\Z/Uu\G\0Ƚs\04\\rLg\RG\H\21\D^+ \Zb]tX1rOR(z\'ph\n\\\\r}.$a_\2\'\r\"V-<\w?&\foD\\\\^44M\0(\\9=DN\0\\qECX\C\	t\Z\dp\-KD\\0}C\Zew>e\\IB\\P^IQ\nM\\#~Qn\\v=7\\L=\9Oo@=Z\W_vA\\\\Z\,b;&\a|~ʝI\CS+\)0O)\\r\\\.q\u,\n\\q 搫\\\S\\\|dT>}E[mc\\'\Xw?\T9vb\1\\\tu \'fXupoN\u% \\\h\\\\\	iΙ\\Z\ZՃ+\T`Gv¡Hôǹ{\`\uqr٣\ro\rEq\.S\Q^4\r-;\n	a˸5+\{;r)(Ԑ\\\\b%e:ShW\0̘j\^13\<%:-e\r`[h\Dˁ]\.\\s\\)\UuM\\\-($Nr*lM?Nj`Q\p<\r1\V/$\4$ʚ-(Jix#Poe0\i6?M8+Q\x-aa\n47t9]:n5~mtϕ=\\r(@v%Bpbh\6ʶPT)9C\9\8\{\'5\F`OF\FHU\\OF\_(Q\C\lJ\Y\Y\ fU\\2{3J9x6Ctߡ}[Fm.mu)\{\n\N\d:`E>\\!x\r>heÚ$\0E 	-g\\qe}AJחs|E`\/@P\9]?\x\Z\n\0\:7IdݾSֶ֭4.y\b\孰\\'\X|\\\ nCw\-i\qKUӃ8\>%N93G\y\ZP+xTd*?љߧ\\nD޼+\'5% \5\;E8\SxEDޛ\O8\\	{dt\\\\o\Dފ0\z/\CC<P\'^I`Gt)c=\\*!n\|\g(E\o=m\J\\\[%\,\KƑeh9\\rޞV\	NO\\\0^䕠=&6J\P\q\QfE\\\[Ybx\i\\hθEed\Ga˂ڧ\\"EK:_n;\n)q_^Ib[:qgF\a<\f$w)\YVAgla\s7oi?uk\]k\\H\oi\\\t\)I\rf0]\r(\@}bL [a\1\7$)I9[\\IXޞ\	\&Ӝ,`\$,\\e\%!\nI?-\0\\\ZF\\\6_y\k\\\nx\\.	2z\ro\1I\e9LJ+u\gǡ!;l&\u\跐T)B\\n\\[\rL9ݘGa\\ꄃ\Oy\vLLNTLk\r>=a>r\930\\\E3/4.|ů\\kL\@E#t\$c\\ZAJPna3\*\\q9Dd4NIz3OL\eq]v{	O\,S\\Ԃʪ]+\W\]\c\r!l\罓V4\\^J<Pj\oƞ9P\d\\hi/\\{\1nO4\޶Q١逐j\\lQby,o>hc>ƾ	rV\M\3\@N\KHc\\rNZ4\.\"U\?G\N\+F>mǷ\\\\0r\OmF\[.\\}u#uIR\U<ǚejz;m\7`RV\iMة\\\rq \\KF3H\\$\pǫXU\bȢmdI\\\\m\EF#h*\\'Y_\\Jk\}f\\pt\\nrl9_]\1	w\2\PH\nl5e6\\W\\_ \"liq	,7טҾz\;̣\K\\\\vx\\'\CN,!\\"сR\WZ<Ua_\Tb:4M:ʫג4ؽ\0{c\WIMW\4\M)ak%%g?\\KK䝭Ƿ\0Xf)\\$*J\DECf\42vr\Re[v\n\4	\i~%\\Z7\LiS.\UsԞ7\Hil^iyb\d+j6Mh\^%\\\rk+W\\\Hc6\\\d\[\bj֨\\\?Ղv	m\]rZ{̾n	CZe\!Υ\\_#LaRf\,بGeFD?{a\\nޤ\1rOP\w\I<q\I©\\\"\?<`惭\m_cғ2\-	\v6w\o׀TQ\\\\\\c(e\ŝ\f?݅\PB\\"Vn_\aA\6	\Z9\\\\\\\\#/w\T+5rQn#JyKV]\DB\`\\\KneH!Zq~r\\\n\\Ofj\*\i02H\$Y?6&\pq\4\nexmt[ԯ,e-X\ױl<e\`5Uu1\\rqӠ<\Ub\\f(\\H\z\*x:옮\P#X\\Bk\xZ\\\\㐽\"M?4\Q?[k\`\\\-s\BrӰD}`F\\\U/UU=ij2~af\\-C$\_>6\\r\95 \0^R%\M\a1\K\nKy\$ A\z\eD\Z7 5X\9L$\gK\0V\v\+S\0\rttH߱	\\\}\\0\~a\FVߋ\d=t\W\PG\}UFJo~y6,\\rtS}b+Hi8\d\i(\=\\0)\\Cؠw\\By\\\]]^EhQWDbƻII\Ѥ;(bo7\eOݬ\5\@\Z\$Ɖ\Ъ\Zol:30\\f\;y \i\ 1.QS	=\|\/\n+tN8\%Fd`E\\y\ĠJ\`4nu\ٙ-O\\V\\\sE\ZZ#\n}bx\n\\1\<j\\\t\1H:\\=HcԼWVh}\<\"tʝǧ/5]*\J)<B\`\#Rb\*\0TǘSU=V<p\"?lr8\\&{6Iر\01\\n)ڈlmp\vJO\S󷛛p\D\km2\\c#t\'-zQ:#u\0\(Ѩ8V,\2ޭ߳ZD\\\0\\"t\b(\Z[P\nf\\\&H;v%\Z;h\ZN i\\\l\[G|0i=܀\ə\9f:ψ.)C(B3\r\\>\#ٌ\0>h)\e\S;IΛ\B]/nF;_`?1x\\+k\\\\)5*8067P6 z\'E\Z♲9|`0T+k\slˣ覈9\"=)|p!g9\vS\y\\\wq\\]5{A\z!\re,\l1a\w\\S=wSr֊Td>/R\	fxNHf%\S\A\l\IoSRAq\pZV[-0~\n\0Τ\NF\%\\n#	}S9.#E=\oƃ\-?׸60o\dQqlB7|\D4=5]i:`BgP\\")\g\\ocNe\R|5\\tn3]\:\,\W\n\ruQ,\ZX\K5\Ud{\\p#i\ebD=#xvAIwl\l\@V\\eeY<}0T!=-l\'ŁBh.OQMz\Z\n^mVtyŶƀLk+Us&\ҲO\'R4Wh\u\c[\},&=\\"Z\0젡p\xfDY\T\I\\kkW\\a.E\h\ay\_t\\:WL[\\'\`i\1-[T\\\\/QHa\\"\ua}\E~Kv4\hW\J pDD*iXP6i&\\alg&K+\:Yq(\\RI\t1\1=`\\V.\n\kc-e\2\?$VիM3O\'׌\'\6Q\yɀZ3>\:\5@@\Z\=d\\0EI\K,E\\h\y\t\9&\ʭB\P-\\"~uC\>^0ku\aRDF\\'9\q\X\.@~	Z\d\֋9)o\\ɠ%SW~0-ՒSWVP,_\}r\.\P񣪧\@:e\_D<\ݐY\B۞t}Ŕ\Y\r1\b\ɣ[\}\n| \\P_^Y\j~\'rEv\x^\y]&D˃{\#\\pn}>yXM Uw\I\'\\\+\W?;\Zň\H Aa\?\\r[~\P`\n\\r\>l3#2\L\"9kBϐ	\R:\\\ߧJm\\N4Pev1\nB(\5#\4h\\KT\\o\\\@\\\k)9^A\\r&\PF%\L\Z..\SU\BvhmXgj\wM8\*fh\!jZ:aU3g\^\o\\"h<\斮<\V2\.9\\\]\Vu\4\Nj\9\\,Y6XМ\D\a9\321b2\\\0`~Ј\HcN\<l\'b\'`k\\GM\0ݵ}~Xq\\끈{\0\0','image/webp','archivo'),('6d2426d2-2848-45d8-9fa6-5e2e77d69391',_binary 'PNG\r\n\Z\n\0\0\0\rIHDR\0\0\0@\0\0\0@\0\0\0\\0\0\0tEXtSoftware\0www.inkscape.org\<\Z\0\0\0	pHYs\0\0\0\0:\\\\0\0PLTEGpL\0\0\0\0\0\0\0\0\0\0\0\0\0\0\0\0\0\0\0\0\0\0\0\0\0\0\0\0\0\0\0\0\0\0\0\0\0\0\0\0\0\0\0\0\0\0\0\0\0\0\0\0\0\0\0\0\0\0\0\0\0\0\0\0\0\0\0\0\0\0\0\0\0\0\0\0\0\0\0\0\0\0\0\0\0\0\0\0\0\0\0\0\0\0\0\0\0\0\0\0\0\0\0\0\0\0\0\0\0\0\0\0\0\0\0\0\0\0\0\0\0\0\0\0\0\0\0\0\0\0\0\0\0\0\0\0\0\0\0\0\0\0\0\0\0\nO$+Hx\\\T1Vdh\h\f\~d:W\0\0\0ˤ\I\\\q\]೔Y2\r@_5\o=P|E\'PZ\mI)#=L=1);;;W0&-: m\@l(((Sddd5\\rM?3H1:@@@J(EQ龚#	ʣ	K\rU-\~FL*ȡ\	⸖\xDC6,$ş\Zf0\Zj;U0j\vB|||===fݹz\'.P`2)!o; ݶM+p\\Kɥ幗RCsͨFzCu_5\\9bu)HUVVVrڲr?#,6ҩ\{E\njWF,$f9pppke9\\\zd\\\?n!:G```dQB+++\Z\'CPM]āiV5?L(缙} 3Yl}fSD%\l<\n=[K<o444h\կF(ycP7,%/SfSE8XH;sssr\m<p[QQQ\"\"\"%?K^\M)2s\i:b\ZC%Q-L<2n\[2~I(\r_5nV2\G\r\\4H(\\\\q>vWH}?n\\ΕuD\uBX٩cˡ^PG5\0\0\0@tRNS\0\rR\`\\\pO~\"2V\Y-Ҩk\7E(u>\\y\\I\fYF\\\\Ӭ\0\0IDATXÝg\\Sg\#&%ۭਣ{>IRP[\nJQEV\\ޫ\=ں\\{|\;nBBDݐ\ys/2P\\K\@M\}\0???߀m\\\K\ @\:\)\\\0y\\\Z\)Y%@@S\7R!\F`\8z\;\Z;\\$\)h_\xN$\' \Ũz\"rȔ\P\4\a-@ڷhU/@S\LB-0J˚\\r\\&G@,\V\\n}i=\\D[\YX\0Li\\0\'\LG\g)S\\~)\\\.ZH6ۤ\܃*ʡ됊\6e\'ԈUb((ϰVA\\\\#57p\Ĕ&8Q5g9 \j+/\!\hg;\nq3\V,H\]f\(\nl\0<:u*..n82$\Ac\"6@\єܱ\h\,Ce\\XaDڽd\"$Y2\Z\\?%\ZM\E7v\^2Y D獙v5O\dV\+ԴB\\\\\gPAVM\ӓΠ$\%\hB2\\"\H\ZǗ.s\$a\`\yVCa@g{d\\I4\Z\\\\њ\\$N\f\1$.c\-\8:+\\(\\08`Fs`<\ni#F\\XH\E5g4&%\eI\\N\27%d6Z\E,JDqY<\\\n\\\5ʁVntd(\N\0+\1\@ [c\t(XL7\y\\*/\[\Fc%\|aNcF(i;\@Su2qް\Z*\ARzmyLb&۰KW<_$3@<h\rgp\Me\a\g&+vk\`\)\/\>@>sSΐ7Q\r\\Y&gk2Ruwv\0rt\x+<[4i\B\"\\rXEs\0\ܣ\\0\utp#M/\ʋ&i\玀_Hl\\(a>$\?N#\5@O\n}b\07\n\>O\0\\wi\ŗ̨n\g\}>\\)\p-\\Z?)\0K\"=w\E2\\wT	27_\̌)#d\Yr#gꉊ\0𷕒nyº\\9]	 Vm\Z*uM\o!\\ڸqc\0\-\6\wD{Y\W\\nޫ\\kJ^əM\g\|%\z=\!\'`HI\?֬	Q+\\nl\ICf\r*\DO~Uʌ0\\0st\0X;\ L\\n؂Ÿ\\`\\>N\0B\tk\p\\Z[\0oug\r CIE0k\\0!\ph,U}\\\[m\{~>؛83^tJXum#W)P(Ԙv9@o/\Pȥ^\reUN\r\iY	Y\UeO\0i\\\nBpJES\$@`\KJ%u\\nP7ir@j\"\0_dJ\o\i\;724J/\tAAZ	p\\{V@\*\nŢc9\T9Sopzӥs=W\_L\v9\r\'1\0\0\0\0IENDB`','image/png','archivo'),('7495c84e-cb4a-4b8c-b6d5-60f4aca44a02',_binary 'PNG\r\n\Z\n\0\0\0\rIHDR\0\0\0@\0\0\0@\0\0\0\\0\0\0tEXtSoftware\0www.inkscape.org\<\Z\0\0\0	pHYs\0\0\\0\0\\\r\0\0\PLTEGpL0,=/,<1.>8+81/?1/A2/?51C/-<2/@2/@3/@0-=0->34K@T1.@1.?83A31B1.?1.?20@0,>n`\\//:30B/,=1->;>e0,<68U0,=1,<=Ms<Fo2/A//;QPbA9E0-<<Bm9Cc/-=1/>0.<30@0.==;L1.?7;\\LEK1.@;4BjTTVVh\\\\nh\\YPOb3/>0-<ҟa0-=a|\\p\z\aw\95DT\Qb0->j58Q^r\LYLoM\\32F^9=\\MYGbKVAGUj\a\\\Sciwaij}1/A]\[\y{35K`qe50?ў>8Dr96K̯\\Mq]MOqaMgaEXlp^w\V\41APyx\GR_TO{79VBHq@=Y̌kaQ}a`UT\ɚaxiaaKZGOw\\\\eZq\DLby55PDFWMIo?Py\㧄׹ݽa\ƘHezkBY|D]\\@F{ZlXiIS\\\HR]t\QzDBdY\ʖzGPгƬo\F@HaUg\¦SeN^uh\\lJM[Wddw}Vj\NsKUU\wye__u\JjBUo꬇ޥ[n\UMPh}lJWȬfILyPutNOvey|RRLCI\۠c[\ĖZl\`iwTc\\\Olf\`Z\kR{\]\f\ITSa\_zQk\X\0\0\0?tRNS\0o\\J݃*\r:\Z\c]@ \}4i\\\Ub/\\0\0IDATXÝw@SG\!$e+`ⶻ\{g0J%$\PXZd(ˁ (`+B\[\\mݫ{\wg\] \\]\\\w#^^F(\06,X\\層Ě\r%\\Ն$F\\mfeNNyyyN\\\}XUr\旯\?V\I\\cGl?L\ih3F֠\\\\ga\P%#h*L\\'@0\0&y))w2#J9]qW!ܱ<Oy;ey9\	Hh+o,\\[\\m7\7\\?\&a [R\	}K)\0IV;ҹ\M\	O\\q5	\H\>\rk\:تic\n\\1L\A\΅9O?Ϋ\\kH\lNEihQ\`\4\.\n@\f\\d2}%|ww\/=S(t\8/ \R\'`\r\0\A;\m\"\Df\k!\'~K\\	HxL*$ga7x~\\a6/`R {$o&Of-19\\\=*l6\'\|t0c\xiؖk5\JO\\p(-\\\\p\NB:\\+\ z\Z{\Zn\'\\\0Gr\H\\\\P{\OϽ\s{y\#\=\0R\\\\vPRK/`]Z\i,C~h`?\\0(H#Z W\\Jl9x@#puWo.Elv5`~3	W\5-\3fz]\\\\HFN8\<ӼSAaa͆9/b}\\d\3\pM\Dn\'Ms\֭\:\u\)e9\0A=l.B0@W߹m\U;0 cM\\\_.\\^\q\\\e\0vX>\6Ug`\B.\\Q,\\\\0\\\';HM\\"1\Y\OHWuγ4\l>Ž\ \' }J$Zw:yU\\vwcGܹD\.\b\RY\n\@\zFuz\#\n4HuF\|`D=ʮ\b\rZsqN{t\ugLE59Z\ZIzr\K\.;n\?J\ICI#oMk\Q:\F~iN1؅\<NR\1\\\rWo\/s\#\\0\#\\\Z\o(_aDI<3ٮ\zGir*b\rPFSTB{|tWl\MJJ\2\_sl\'h\0;x`\r[@<ؐ\ЅN\<\"KiSLo@T\\\o\ev\'i\\\%%%\pjXGaE Q\˦8\٦CCCC1]JV	H\ _n\\\Dd\\\IEF\\nX][\P	F\\\\XL\	$\0\0\0\0IENDB`','image/png','archivo'),('78cfde3d-3b3e-4605-9d4b-96c6bc2bba54',_binary 'RIFF\M\0\0WEBPVP8 \M\0\0p*S>:I#*QP	eneÑ\\n\r̐k\an>no\_?Ԩ\\\9o|O_\wyw\o[Z@/v8D\r\ڕ?\\o\6$\\/2\r.\L`οj;d\0ބ\"[/\\dv-\̗F<v\z\\nzw\!7̧$py\x<r\x|k\ɭ=p\-x\=\\\\t\\I~f\"\)6(\1\\?lY4]\;X\4o\'n9\r\q	@Ö@0\S7\;\Z\! ^i]`Tk\n\.u\Pk5p,\1ٷ>Z(jI1$v1(8d\0\\z{h\f\@\\\Z\+6yε_fz{P\\\f:\\e\ZvCus\Z\\5+\\\\:!qz\L\n\\0\ߓٮߕ\HG\n=%mǀY\Yns0\Z6\\\\iR\-p~e\\z\n!u\i\nut!\dY;F\oLVq\\0\C\fHh\\l-\"`\\\n\.jI]qI+tզ=c\C%\=1x\^lX)\8Sd1a\=e\b\>0$O\9~ΌӜ\\"*\H\\0\"^:\ΉL\XTT\\\=x\\\\+/\YoiKپ\!onm]8(ox_Mg\\[yg\^3iӏ9M\+s,#\x%\CǓk--\\+\b|fƟ=u\ڣԟxc\&M\\\\\l\\uu`>kpX4\5/\\=A&KH!\<\l[X%\e\\	&siK\\1o#\\\KVV\mBGJs\CZф8jrQ@\T\\,P*5\]%&޸P<X$M5\\.:G\N\z\NWᷢ\C\\),Fѩ@NwR\_g;5\\1\Z@>e\<F,Oӎ\.\{A	Z鎲D\VzD\EF#}\o\ؔY\QY\\Q!3ǍL\#ɢ\\+ae}v\k\I\D\\Υm-\\b\.E+P\X\S\g\\Thop\\Z	L\@\cv@\5d\\:W\[\\\u\V\MZ[f#T~ˠ=L\\^gE\0^8cth#U\iϯU\*H\Cuu.ڌ>pߨA\j\\T\\\\}>\}w$ƾk(up\_&\Z@P\G\T%>g\\\\9>5\!Fbz\\গ\%}Ew\/\wz0m	ƹN\(JҜ\.%\\\\7\"͹f\\rs<O\\@^s\?CI*\a}49?PH5\}\LM}/>\\\U+PYWGN\HZf/mh\t#\N}ZWS+M	^\*;N\\'&lo\\~}\dY\\%\ѮH+0\Q\\g{\`\\nRJ-\\'	yd\\P\\\\{!\3~J8:\ow\\\mWU\`&\1-`)ϛ50\3\*\0	ivpG06Eߴx;]\d@˲	\-F,n!]:fؕlp\\6\V#OxG]	b\\5F\6\$HPi\sz	ޱ\"\lޙ\\\*V>>2W\5PQQ-\X\bOWm\\&;E돶\CK~NN9\\zO	 2z(bs\\\o\\ko>@	\"<z\(\\9`\\._y>n\V2PӚg<5$v\z=et]]PuI\6_6v\*\ͫDs\5}\Rr\/\Zʵ\1Aw\\7\qV\\Irզc\_O\h\%! x\\YF\*\`^\"oU+g\\\{\SVq\b`9)1zZDoJ\\6wU^[g\\\/\0E+B\-z\\Q\\\z\T\\C쮍\r\2#Y\n5+\\Ovq;g]Rxzp8\ūb\K	\\!\\ZgS\\*\5~\Tus*B^@pjIl\&\\9ʒ?\E\\\\??\7/@!zu璥K\\yw\W8zj\1j\K\\1\.I\3`qe<4\r.8U!Ԅ\J9\\m{a\Y\ӣsP\#\0\|Kh\\h\ڂ(\r \u\\\\\\Q\\3-\p@X*xa>oMMPg\6B\I$ѩ\Չ9{}\\\0^\ 9R\nl\?\@XdPc(YB\Z?\o\\\_\y[iEρGq/38`1\\\*\\A\ʖf\sDycX\,\/3V)\\\FU\"/\\n_4mG\n\q\0^U11Ϥn0 \\\\ݰ:\\9\m|;\|\-\I=t\o\#\\"\vl-zd>v4Bl\\\h)\u\-K\0&Jq\\\\\\ޯ~\l~+m\x8WPڣ\]ݜ\\8uy\\<\+<~\%6\Q;\\\ܯƍR\wה\h\ew9(\n%]\?\Kq\l쌗\n\j\Z\\\\B\\Ņ1_qk\/~\Vi\\xKW\z3ksNe\r\\a{JN\B*qrC\s?\\\#4`	閦(ᢸ~=\\ec\\"I8s=_>}2mm\N\8[&\\\!*\N>WН_\ش8~\\wDU\"\ܸų\\O>|\WZJ\\J1d\)?X\s=29eL\\IW\\\U\Z>ֳTW\?Pˆp\\=*ɷ\\Jv?\\s7\r\ndU\\V:Be\U6qu\\(:g$\ӵܬ9!-\I\%\"|\'\!\\\Ŵ\"EX\\v\vr7lj]W\"_\\r\V\nq\0)Wˁ\Ki\"A2\=\\\ld\F\\\KaY\\d\{QÚd&Ur\	~\{Q\osdW`XJR\zΙe\\r.\n3?|5]S\0\0\x8jo`|eh0\zzmH\"fMԸj1ÚH8\'Ω\'\t2d\C1\ø>wPScPуڿZCdG\CR\\K\\*嗆|\\\\m\w\\\l\\>\:\\\\A>9\灒qG 볚3D=I9~\^eQ\Yi:v\n\z#E\VͮXG&0cW\'\r\w\ZNрYQ\×s@\\\->U|.<./\eOn!\\sp6Vx:JY\,ڇJmĸ\`_\o\\[\-$=:AoO\0%\#& R\^\i{k:\\ǓXLHpK8\0՜\o\Bp\a\FvV4޷(\ɖ$,(\ډ֮f\r\Zؑ}[\{\x\ky\\Be<	H	Z\nq};khpzͷʂ\2x0Ӫ\b\\3\'\\\WxjMpL\\	ٮ\\\cԟ<\\\Ҧl\*\\kI-1M\Ue35Th\\\O\Q\hɱlG\Q\n\'Q#nwDq*(\\\gWdq+Cݕ[\7\1A/Z@	\EM4\\%o)5B7\\0.]\\[-Ibo!\1kW\?Z1\d(+\U\I?\\WXG%3\r{:F:\\XR&}GD\0*\\ ^\܆\\\\\0 =]K-~?as\0\l\ \m\n0SG\qiT.rbp´	gO\&->\#j=U\\nF8Ziܯ?acjh%.\\K\0.)/B\g\\Q\q\/b[ty1\ҝMg)D\\֓\m\'X\\	\ټ9 #r+#q%\'\\(>pm\I\\r\:<1\\f\\q`\\\z\Fw\ZV`_de\5FMl\8{\\ݸP\"dܐضu̮f_\WT4\\"F\*T\+\]떾\E2oR-\2t\\u<\E\reO]c_\\\\[*i\rLs$i,V\wy\9Ɖ7\\#xnme\D\\sJ\Ln.\^\\C>E]\c#)9(\uI>\\\4\guG|_|\AˠJ}c\Y\A\& \\\9\\c\/\ޜI(\e\#\u+ \n,ϫY_%]iIt!1\\醃\]v[\߸$v>\D\ݱ$%\"\"Ruzwv\`y\&X}fgDoDجpEOچx\\v\+σ\\'8\\\@\o\\CIG\&\-Ƨ\w=\YϬl~\\\"Avǡ\"尿ĩIB;tT\\\<}hU\\J\\\#nV;\r6\Z\ҔA\&1\w&yH:+u.OPLjd\\筿\­{#\n\"I\\\0K\Pi\\E	\Z9\\DnP`)hYbg	g\{{ħ\\b\im\_s\\r\o\Q\&܉5G[<\6:\>v>(/]?\m\3e{\\\bfa\:|O\5\\[[u\0K]Hx=\o|\\6jI\m\\z撛}\r\\򱗲\FCzY\fN\?|+\s\\\\Jw;\V^T\ i10i\\\'wѥ!4\bI.&CU?hq<f\S=o\T\U|B\(\\Wln\\>bd6\$$lVw\"@\'YEQ\\\{*PL3kc\[Ap<O}\nh\Uۇ=BΊ\J`\rW?\\(7//M7s\;\ߞt{\dԱ#\Z\_\С1 W)\\(E\ت\\̉|Kr\\\5\ZV]84h8D!.fհbgkF\lE\\kGNod\ώU\\r	\\(o@ʹIz\\s==ҽ\+S%C ohO\б\\\m>H.nդ/yRSfu\\0L-\Y$[[n8N{\}}\\j1ưAi{B\%SыCF\iv\\\0N[R\Z7\"\)Y-=<XfX>\i<q0\+!O6/\\G^2g&U#̠n#\{mo뗁\AV^\vB~tMBX\!\v2Z\il5S>\IH#\HӅ\"~jA\f\\\QO_,1ը]\Z\3[z:{\j~5\E~\\36\\\\\Z0Z\^2\\3o?к]ۓQ2Oy⸪i\DH\\8O-7|,<\zU\U}`\MXr\\0FZ\\ٻ2XEZahk\jS\r\_9Lkt\9hTRQχ\0\z\\rF1J\<{#\Ge) +M\"5\G\2Eg.Rrz\N\SMG1\p`\\w\tǻ᫞\m\Eg,k\65<[\\M\Q?\/LX SQǑ\|_\\;ɖH3\0)g{^ט/\\O\|aut\q\\No]\\ֹ1;q\\\"\š@搣VLFE\{\Z1\\\\>{d1D\s\\Z9\Tݖ\2է1u!p\5\V]6Q\\tlN_F>\v\'~A~$N\"݇U˥1bMsLW\0s?\w\0Ӿ`\Ǩϡ\u?\trÜpz8}[\`j6j`zq\Y\\'3\\\l6VK\/\j\\JV\\\zWp4?\en\ozH\z-0$\l.\b:[mW$cya!psQ\\\`f\16\\.5v@Ma\"w-\Tf韄愝(|p\\O\Y\L\\\kEgIjqj|BA#\Y+.<\IRXp5ݢ\1)#fpGfx\I\\O#\0Z\\y\YH#&pymr\r\_*_5\\\3{\LЪ\n6lY\vPO\ \\!\AF]IB^?\"}\q~\\0/q\Έ`mS@\YO\Gg\^S\~:\yir\\\\3#\\0\Sо\OY:F@$w7B\HA<\)Ca\u>pNOXmE[\=6z~\۷\\n\}Ѵ&ѻv\ mB\	ʉ\MI\eV=|\wksd\\ZP\\\\KE\(\<\\0\x\\ۇk\LA\\O%&Y\n]~^ݲG\G\O**EkIQ1\\0!\n/耏3;;\nv\"\㴻&\ZSW;k_\\ؤ}}>VX~\̋)DY\Z.\U\-P\\۽צ\b\nL. \"抭\\F\\ʶ\.\\\41R\\MU!֯\vdû\W_#M\		:n\kS[\so\\'{<aJO1q\\/5\\>\f\\{\\'\\\Er\>X\\\)3{w\4\RdlY\\D);Kf\ahӒ\\!\C)֍w\rKF?q\F7\\R#ij0\r\(Iq\ԡ\"\tW\\\t>RSr\o\cJmּ֥gE\\Ͱq^4\\EAx:c.c\瓩e\P\QDݗ\04\\	\߉xε\҃\ZS\Dp\4H\\sSqڇv\Ք\liIbOK?\\|:\SW\$\\kad\;#y\:ܷ;k\r#\N\@m\|R}oL\\\\V\`F2Tv\X\w\\s _F\|Z\Y\=Xj\/q^\hO\]\XF\r\J\\a&oiv\0hA?5%+\Pǽ)g;\0\\\\au\E{Hƨ$$\;\\"d\qX)\r+\`\$N̀*\'֠\\h}\zS\ފY>2L\rf\o\~K?\dk4jԟ*\YIއ\>vv}Q⢎S͐\p\\)u\j\i\rR[-d\\\,\P\;s,ͮ*]\(\vpoP\'\\Qv\[jbUMJ}c8w\,XW95\uo\0(\'s\kd`\\NF0esd\D\jfK	J\\%Pl<\JM\\a^68\HrR*U#}6ܑ\"7\T\\q<ˢyt\\Xvs.!\e/w\,Y	\"W\R\Z\Zi+-\+A!j\\El$ƔtІ\4#\Ak\ŇK\\j\4P\\Fa\0\\[Ư2\|\G7zha{\JC}A.\Z֗muTZ\\\Z\xzOBUƏ\zw*蓪\ɾ\;К\\\\g\H\Qz}\|B#,\8QMQ監6Vm\\%7׼&\]3/pކc7\\FƢ\\pweߙ\\r\T\C\Z)\5K\J`y\\!/\qԹ\\\\/5h:+!\e\\\\nÁ\.p\nj\ϋNxگۥUI\1x	Цbщ\كġ\бB03g\0&\@aBNF\c0?l2\\ٵ;\\gz7Qx\\8X~.p6_HeRgX\nȱƦbI3nE0CZ\\r++\r\Y0Xx<Y\l\\Zv\0\\n\0\\nQ\|ogKv\\`\Em$Oσ\ÃfO/\md?\I~	eCt9\\$i\\f%\lrZ:V\0q\\`#sM&k\\"e.B\N\jk޲lu7R\(n!4\oqNl\ȏ	Aގ .D\0}BYMݠR/@gՐ\ͦDky<Q>1B\0\u\x^\'տ6*\#ݶ<\6b*HJ\r>i]f!\\|s>w\\D|\\bd%dG1\^\'ۤ\"~텢\rӽ7I\M\ϑD\Z>\\W	n\.:ɱXH\3\\4\Qʑ\[,|0NZi\H +BYEV4vUpZq?qm\\\EZ9\\h9E\lZP8\nauh\۷\\INdhA=\0!2)[I!%XS^Mj\\r,^M\	sۇ&?\n!\I\	//J$ݧtG\+*8=ţ>yJM8\\!Xo\)\6\38FD\9\\}	6O/PT|v\IU\>Y䷼;\\!Ѹ21\\a\\0\Ǡ\;݌fJ\!\Kx\\\1$:{BbؠE\\R\h\\x\LPƖM\f\\7w=V\XC\ًjgN+f\Cԭ\ћj\duNM\`BǟYg4\LwKb\\W:yH\"r\\I\WUZ=DBt_1jw\>Nbb}K!d\Ss\\B$Q_؎{#\n\x\"/}\r+hCW\\\y9=޹\Z\̃bm\\\\Ӆ\,\餾bʆ\v(S\\y[\\Q*gU\^D\\;BX\	_\	Ih_.A{oB\0-\\^\\xw`C>?:&L\\z\'i\s-B$\n\0*;\0\\#gFU#\\\ \nb\9ζ5\-\BPۣ$Y蠪-X\\f\\\\YT\&G?v@\\ߢچ\\是\&xz\\\e\ooA\16-	ȾH3\0Еo\*\P\Z`t!\܅ڑ;[O\rxUqrT?\F\\%\\g>\pR\\eQN\'[k`\l3ć\\ZV\q8\\>wvcp\gm\'Ĉ_幻+\Z V0\>Y>ʠ\+k\\ \§7\`zu /\GD8\B[Qn\O\\`ȑ{\X/ͼ}\\\/q?n{T\'e-7Cdh\ZuބTX)\D\[<\\\\pF\\nF\\CEqAQ\XtA0!ԕNS\b\'!mn=\\\\"\\\\)3ҤvMv?M9/\[iCc+V\\'6\ԋkf\\\r@]뫋\'ZIq\04modh5\\\{\\\](\\$t\\0qӾ&\\4^-u>\B--Em\n**h\"T5,CJg~\Ek\wl\ni_\\\U\\Z{\d\?y\Qe7\?י\@0`/\\4*\\s2\\tZ$rrא^0UBPi\!S*\B\W\\\3H\\ؘagױ	jHu\\Ш8]A\axݬ6Z\޺\\CH&٩n~=v&kngy\\r@Gd\\\n$6\w\\L+\\\,\r\\\\Tk\H)V\Dd	rP\\-#[עP\\49ɰ]\r\Z#2L\\lޣ\vKOXJJ8̸ѿ\n7Y]A\'$Ar\M\{\s9\\Z\\?b\sG\!a\"dMo5	Y\cR\\j}Un\\ \]dYԜq5\y[W\?\0\8Y\	\0<u\0Y.5\\\\\d\ӅE|j\: e\),P#\:ѳ˄nO\\Zڣ\\\\/\0o/\VՈ\&%\e$\\\N\2*\\bGN\\E!pi2:]\\')]g޷ݠ\\\3ȌJuc\\<\Z\Z\Kա~F\.?\a`Qnk?\y3_۔؇,cNlp\4hD,;º7\\Hޛ+\\\\\rf\Ŭ\01%LOj\^2P\\}XL\桎\y\Z,+|>P\\rGpy\\\\|\aʧRN73o-$/$GdS\@9(r\{_?ekD1nx+9;\r\\n^\\5\\Z\I\\0\|	uVÅe\n=QD\\\=\\\]\rTzQ\&\;ܥ\uZ\\p(gb\,43.\;\M4\]hq\<3P>$\bFw*\a` \\og(b+ӯ\\L%\5\\\n\x~Ʌ\+\/U\ wӋ8\|Ŗ\\B\D\w(SPVV\	K\vãfą\IjX\ŕ\\\\]y\\t9+ћӧwނ\\5W(L\\\;ayT0\\[R\r]N\TWh3_Yɭ\Σئ;\Q\N:nҮ\Y>FTTc?~z9\wv\Q\(܇|]Pr\6M*\\"l$\\%\c\xptԿ\9R\\\%YG\ԑ\"~\a8\LUՋMbg~!\\	Aru*\yźV1XWu6smf\F\F͝?\M\@\_\"\đՀBA3]#@}Un3Fuj\u\*Bn\\2q{F\&4\\X\HwW\2\\h\\K\L\nvr-dT9l\\\"/)Q>v	n\ש8)\J@@#\b:/\)7\r\N(Xb\I\nƃrHמ\B@\"\\nXF!<.i}u-F\ 8\ݕ\\\j\%\\0<\ 3h5N)r{\'C\\\\n\C曆\\i\0\' df\[\\A2\\V\4($z\+\Z<}M(k\\o5\|\,\1]8lC:BoM\\-\q\04\dY\K4\W\\\\:b\fJ\AaT\y*	,!\ܙ\ p9TkC(J#%JI\\Rj\2qju1ѧ@\\5\E\\#m#K\'\\n\;\d\\\r\^vڻ[5\ެT6\\\?\	/\\e\=qSTm\޴\\ZUE|}\"1\c-栨\\\ZuY]<*B]!\1\N0`ڽ\\\\[լ/\\1J\8lK?Q\\'B\+N\Z:\|N)嵉iS\˭\̪V\\\\/̰kgƣL\yA\"aY#FǢ죠:I\3Ӯ<&Aub\nAH\G\\Zb\h8\r%>(^\\ߘ[\\0M\\0\-Z\n)e_[͡Fu}\'\X[\t\Q-Ab)yRW\MsX\0\;\.\\QZ\Z\\>\\3iD7yL\1OI\|A|6|\\\\A5\1\\\x\d8\1\\`-\(\'\U\R`CdVɦ\\"pH%>\\><]\*v\ZgBo\{\ӛ6\,J\\n\ӏ@\?\_\\/,\\\3L̻	x\0\\ζf\\\"\)\T\\\: \Rω\Zw+` 3]wP\i5oCU`gb7\0v\T\\Ip	\/];r#<0ud\'et\\\H.Y=ק6uHCrB_ =\\yqI\͙M;\5\A2\M-.×7\\&ɅZkiO\	Q\40\p\\G\5@%:@\yw\RJl\@\n}m\\r\Z\ٺϺTmkqЅ\\[)\ݙ*\Db\*C\uQ=\^5U\~J1ˌ\ޏ%\[\M\#ݮtpJ\ttė\x\в\>Qd<r/\wOj9\T{\\FV9g]ZGȢ-WYR\"t\tqM^p(ͥ2k\6f\t\xN`2?mcT\\t\|7HԈ\F\AS\;\3+k\?\0\nX\ZndO\\\O!\\Ԯi\Zjd\2\&-LIe9$|NE8\Z),$?処ٟITC-F|\/\/[\+7o>>Rf-|mJ\\\Wc\NiO4=\r\Ap:ŬP\U)n\NKyZ\q\	#\oFzT\3^~\?\\\x1\\\\7)OȂK>S`\8ny(Gd\\ufX\_\U\Hwc\Y\l5QY pH\\\N8%b\zؿ\q\\\'_\\\\"^)+\\]sƓ}\\0ԅ4JX[,QHx+\\cu詤Dk\m\k<\7v#\\Z|Q<OR\\6t\1\ !@wXR\\+J\]\SrS{Ɣ\5\h.15JcF\\\nQU}-l\Zt\\<{w\\\^vlZ;V0H=oa\\F&$u\\(E+R~&͢Z`z\I\o5\\cU\䀯iSJ\Ժ\=kG\d	WCm\ݐb\ z\n)P;{=n.F$\S\\Ooݠ1\p&_\Ez!W\Z^*Rr\%0\"\k{\z\0D26\$t\9\G\ސ>.>P/\\+\V\%WIir*\g\G\\`+XQ[\#\\]/\Pe^\\:\1\\ϗ@|jU~|qf	:\Q\rr\d\Ҡus{އ\r\GH=$\r\6e;\'wQ\\WY\0\y(\nˤ\ZFϝ\\\\\ѣ\\1|\x\8ioVlYL:\\Vچ\=J~]%⦗oBEk\|nqi>>\W\rF\k_::\m0}>\fv0J0\\rCƞ8$$\.\엧;\\Z\5=\#\ߍJ\\Z8jl<2E\D$.kk$\\r,\uҚfЮ\{\\\r׊7\}\j-ܡ/֬Udj\Q\ӷG	\zsF\\	a#Vr%\W\\P\2Bs`\\\\dJ\ހM\\@nq*\ZHS\\\\\\E\*gpZ\<O\cI\yR\\w$e\rᗧz\n\ʶ\o@Iy\ÚMLF\>]\^͡MK\ણ5\t)	G^\rj\\գ@\%%u\UvA\W.\0e\\a:G[I?Y\P\"KfNz	9FKm`$57΅t\\Wտ\r%q<C,MvViЃ\\c\dhx+\\4l׬\"\GM\JIm_:rr;.6FHN=,z\\\\c\%_W^ܶ9˂\YÕZQ\l33s^e\u6\^\\*\\$0\;mzN`V\\\\y\\bRG+\.\@ɮGj\\w^{#nbр\\}R\\`{6\pľfe\\|-TŚ\uڈE#n{0kD!\8\\l\Eo fg6\6H!V\'\n	\\ \(\\\rN;\~^e5\;3\T_xuax\{ms\4!n\'\\\\Y\\j\`p\\|]U{צ\\\\`}Iq)J\S\T\\\\VNaV-eDW%	\&2B\R=N_\\~\\\`n8.;m\Ƹ\E$&\\\}G]$%ה]K\\!ʪutM\BY\k\'7m<tJ`ސȭ@JSK)\rѾ\;\\\!7\s,f~u0\'\g>\\/\;\fLm\K	j~.]\Z^`/\`f\q%$z	$KU.\t\'\eeI\s\&Kr?\<Y\N\Z,WM04:o}E\[*GQM\<?9c|{\jO¶\\\X|#u\\\ L\U@}\\HYrv\\;\\\\"%7z|4~H\ϻ2\<Ϥ*G7u\"W)9ĴlA#pvqJG\ҧ`d\\\>\ \0B\ g\\Zr|\3]IL\\lݸ{PǽY!dW.]\螌Chap_\w\7\\`\=0\Z\\o\ʅ\\'\\s}\y\"\\n~Ĳ=pR\2Of\\<vjY\$>VuN𢾲\9vƉ\\x\nں\'[.K=: H涖\U\ D\\nXAaC݊g鎸_許RԬ\iq\\w\(\(\ \\|fׅb\	}\\vu}\a\+ZO`՗ gٺ}wʲ\ZP&&\\ӳ\-ݛ2\ߧ3Qԫ	k~O\\Ì\\u\o\\\0-GD\Lu\Cbk5>\\FX\\\;c=xzh\np\\9osM;Z\wQ.^.>p\\JB\"*Q;:\\#$\\r\\a\#{\tw\0\˚\Pq\T\$M\%\\\gp\:c_$vR$R	z\o+HI3\M,ԹG`Eϲ ɣ\\v):z\-9Gf]\w\o\r\R,\.\@\r:?[ڣ^uҕ闛7#q\3S$\\u,\A}a\\\J:>\u0%fɕVY̄O`.Yq\#vrxr\;HYTHiq1Y\&,G\T[v\,؃Q/=f2^̳om\\@5ؼQ\*ks\\%\4\\x֒ً/\l\k\uy\n\uZ\\\7\\ \\QR\\sB1\@\D\8\=9{3\V[nl\\\p\\_\]\q\g\ֈim,\\*ofgԣ7~Wu>\x\V޵S\\w\\%O\kMe\\08!\\\\8\i\\'\^\z <gZelw[\\\86\"e\\W\W\\\=\ ř5s䲵\Z78\"\n\#OW,1B\(2\|N[gw\T8tu\\EF*\0\\ʩe\t*#Xe-\r\9G?\\ۗf]\\0gxl\'ƅ\'\FR\Nw؟يllF\P:\B}\)\\mF,\\o* ;VB\CDO\!D[OhVJS-mc#͛\D\,y+\?xCq8ӻrc!\\\Q&&i\DE̅[|\29E!5{0W\%FP_\CI;#\r\s\\ƙ\\SH\Z\ݶ+aOމ%;GT>w_zIBޑ\\ʮf>HJ\rFhc\'=AEoa{L?\a$S\ė\OJQ8\~a\vrD[j\l_\0P\\ry{\콋Ijtqg\o,<^-#j!^\\\\75\n<[\\,qd\&\n\Ƽq\ \G\\ʓpƹU\,\\Q\˻4l\\r\~\ULȴy*6nE\\k:t\Ğx\?\\>\\/V8\JRvK3<\$Bhո`,W\c!%R+A\CM\\a\re\p\mXyTv=\c\s@\\gb[\\	휚4m\\\Wn{;\V0MUa=I!w;\꘮\Ty\YR\ïT.-PFKz}~4{Cgy&;Zy\;\3C\\ۖwDt?\$Z㠛\D-\%\Am\^tɱ\\n_\X\fAh/l\\2\C\]\a \\r\n\'hK5\8nW\07\W\\"LUҽ/X\òs\\\qpS\T\J!9\ㆫD\\\rQg\sq\pF_\\\AY\u\'N/\3z\n;\0Aâ/,fE6f#xH\\g0ٝ[m?)P\\?\\n\꧕rO@w\I\v`_귏1]A\KD\\'}vOLZotHtg12\\6E\'\>\\\I:MBy\\ZШ\|Yr\S_M\(s\Ɲ(c0SW;!\8Gt\ѫ\$QѠ\sY\\\!\\rrE_X.S%L= \u;϶ւL\RnG!4`\'\n=\J\\\ǭtYjKB1(R1&!n8\\d\7\qŷX\"[\r)kM#@\,+H\\⽃}\!G{[gVk/\\'UXmiAblK\J\cgX\\\jԆ\Q\"23ܠW\\I_Ԃe\]>ou)|̦ 8|گMOP\5ΙJ^\Fs;\\'Ĵ]3,!V:D\06.)</\ٮ\U&v\-\AQٓޢfĴjzn\s\;OM,\s^vɳW\F\l\|P@\'U$=SCAYD\A\g4\h\}o[\\uǎCӋv$5+7e\\n\2\fOEH77\"\\\x?\]\T[\@%?Q1V\r\~\F\+\svV\<WNa\~Jfɡ\"uˋ)_@CFX\z:ć\4(T`\c\\\n]\\2\1N\\\E\_$rʯAg\03\\\\k2\z\lPEM$;)f\=\Zr[2[IoLJ\al[\`,\n+ /v)X\бn=t\S4~V\7GVCk\y7u>u\^xgH\S*.\\ؾǛR\ܐ+nfz̷.,\{/!L25=U*\wkx\\OFTSv\"Ź\\EA9\~;\@r}9mAcQ\R|T\\C}\)UyWIGZ\Z\[&S5\2\Z/\D✛/lpc?S\\]m\\5ﮜ\'ɃQ\kpPP=|]\|\K#V.-\\\\d\s_y؊XԆ=\r(\\u\dk\u:\r:CM\OWǔ4\\\>T\\roY\\\\Z\Z|#z\\\)iΗ\0\.)Bl=\\̃\&X\\\\SJ\:\"?ǘ\jW\W䎴E\C\n\\55kH~\\W\0r\t\~\0+\>,GUNNh\Z^\7_%8`ROC_E\\0\\r\-;y(QPж0\\"{ggG\G	d\\\WSTz!Y--\r\ZS?1*z͋8&\\\C\5w\'\{\Z]\	h~$\\\\8g\eܟ\H{`fN{Ԟqs@󩛃@)\	\23.\\\\n߼\\X#/\\C\rQix\\\0yMd\6^*}#\$Q\\̮\Z_YX\\N\'N\\1\\Z-\\\W(\Xy\.\\\\\\vK\z3ϑ\\r\6V8zȨ#{sw\M\0\8;\'Kle3R\rYe2˼M\?.oG\rò\\`5G \ZN\QA\OFѺZ/W\lͩR~g\\\YT(kOF:\B\\!Ô!\a}eJ6\0WB%\o\\\7\D7Uy1rj`251K@,{@\0#|q\rT\'\U+9-׉};\N=bd\\gmioƜ&&\UJ\x\\n!w\n,Y\cVSe:\%\vqy<\\\x<\\U\'A]JE~G\\Ru1XBUh\LT\\`&~ ћ!\\{W5 \r8y\\\_\	i[u(fG=T\\\7\Yo\H=\	K19ء\ \@Y\{\!M\Xf\Jَ\\"6ne\r\)⌀f\B\,TCF;Ribɍ\\s\<\7ZbI\ݽ\\ns\"e犴\[Y\\~ٰNx#v\¤`\@f\\\U9\\0(\0jl<dJ۠\2\\*\sl~5\0\\	6wB<|zC\]Z	dVQfɰM	\Gp񏃦B|M\"\-BмUwR\%\\Z`۽$KN\ѣr\\s,ǨV\4eר:4\\*dHQh_R\\\dj\i#(~0	U_6\58P6\WG\\r\>\\3WO-a,>A$F\U\#X	\+Ǵ{CV|giep\vi6O\\\|}\n遂ZV5mX\\qʼU\öwCDq\Zz$`\rS\"I\[-id\\z,tY\r|\X=Е;\_J\5\\S\/)+ZBE\'s/qYr˭WWe	Ը;N\9T\ϋ\\\n~-eLad4\"LـXb\H>c/\ZT\XTD28Jβ1\\n\\n]K@\^T\Ze6#\-UL\\Rw\\p)Ʊ\\@VɸU8E\\\\'`/V:\nj!\u\B/o]CY\-f\%9v3h%\AM\\e\">s)\h%\0 B\B/Q5ț1h1:$\\n,`̥0\D+*]h8B\[uC9vM\\|$?9\@\5x1Z-5\0皭Xzfe\Zs\0(\j9b(i\جZ\\\*p~-߱;j,)w\A+\9G%lNX}Į#8\'>|٥@[ GjҵK\\\\0Y§io6z\\0d7=5%1C\HGhƄ\\\")-W\Y_\O\e\i:ޟ@\0\0\u77F\</V*c\UePҰԀ \0\0','image/webp','archivo'),('8fa589a6-c0e9-4e4c-8428-2ba7b6505af1',_binary 'PNG\r\n\Z\n\0\0\0\rIHDR\0\0\0@\0\0\0@\0\0\0\\0\0\0tEXtSoftware\0www.inkscape.org\<\Z\0\0\0	pHYs\0\0\0\0:\\\\0\0PLTEGpL\0\0\0\0\0\0\0\0\0\0\0\0\0\0\0\0\0\0\0\0\0\0\0\0\0\0\0\0\0\0\0\0\0\0\0\0\0\0\0\0\0\0\0\0\0\0\0\0\0\0\0\0\0\0\0\0\0\0\0\0\0\0\0\0\0\0\0\0\0\0\0\0\0\0\0\0\0\0\0\0\0\0\0\0\0\0\0\0\0\0\0\0\0\0\0\0\0\0\0\0\0\0\0\0\0\0\0\0\0\0\0\0\0\0\0\0\0\0\0\0\0\0\0\0\0\0\0\0\0\0\0\0\0\0\0\0\0\0888\0\0\0\0\0\0\0\0\0\0\0\0i02@\0\0\0<8<=,,,\0\Bs\0\0\0ˤB\s\\\T(೔\f\G(~9)^{+g/Uo\'\%\M(78	!\Z\Z\Ğ\nA4+#\\\Ȥuuuǡ( \Zr]\n\I#MMM,,,\jśZ|RC7l%\r	#-.%\qwEIIIm?>BWdRB \Zp[J:K\ZLb\"޶u`N\r\r\r[J<?}do2>>>\\\###iii\\\]]]@5*JqB٩b乗{H1&lQ@%Ҫ:t[5辚6*C5ZH;(5;=OqE8-ذyPg#r4.;b-\nM?3bbbeeeRRROoR\lޮe޲gQ/ե`J=1j=Yt)nZWG:~fSSl&!lYFe *#iṕnnnw`{8\\\WWW\>#_J+9/&ˡ^unWѤ`ͤ%ܰzzzl1M@3A?#\}\\mLBBBZZZ63\C#0ˠ]:-\Z\iXq0}ˢaNkV[T/aph9R1\0\0\0AtRNS\0/\\\r~>\\aJ\6\"S\y\'\Pr\W\C\hl)\[w\\9\\\\\0\0IDATXåWgXSY\Z%@B*  `]\\r6\\\\Ф\R&b/c\::X\\ئ\\8\\\\kϹ7ĝ}\\\\\\\]\;b\?tY\0(\7|#Ƹ\\\;\\\\\0rO\"=yk#\!\ѡ\\Y\q1\~ǃ}ǚɐ vS P\q\+g\Z\{4\C+Nq綍έ?{\\\Z_D {)j@	\셗͉\0/`\\v\k\\A\\n\\\\rQ騠\1KogHq݄8xt\\*APN}\(9v1XN\\\\0`\Eü\kH )p\SNF%`a*09{\p.c$\A\>\"hb0Yp,\\r3.\\\,rh%ݗZ\%!\ڠyb}ĨU)2\r.s\{\a\\\׵=\\\_j\7@\r\\\3cLy01&j;\\a!1\R^\\o6u\K\U1#\Qj\r߆;\nsB\\[g_eK-qr\g45и\Ўatvm\\/M$\u\r<\.̥b`\<j\H\\r\r\"U^\\ZQ<\G[0ّD0\b3/P&B\R!֊sw\"I&)Olj\\7\ +4ߜ-ĂL\#\\\w!\P*f\kk\\\7\}1/pQH;\yض\A\8\V^oq]}-kW\)_C^sAH~	\_\\o~\vÊK(\E09\]2b\]UX\\o\\p_\nʢ\\_\\\\u\\ \\[\^@^\tWYv%XHz\()\\\X\m\0ʜ\rP\\n\\'s\xt\cGȱ\kaB<\\rg\">8lM,\`\\r Vĸm%ZUd\"C)2gFM8Iz\\&AR%\\xip݀SHs\W\\\hBP\4ԐUWp\\Z\}\\Z<縙4V\tiџu\f-[XN+\\: \q\d>\O/(\BT<n1aE\׈ʇ>\J\\\z\\	zidQ\RBbㆹ髎^=Մ\\KO7_UDH|(d\~\n\roxB\\DT8\\\_}\\XvgPu\r\q\\\o Tur\\?AC5CW\ZAg\)?〚cDR\\@>-E\T\Q\KO\\Oeo=\'@`lLZQI]9b\"B\ý}~\\0[\\\C?NPx?;\5s\"U\/N	\3=w	Y]=6\(~BH	4\/o\sC2b\\n*\-\\YN[q\_\\0\e\L\ \P\2AZ\lS\38\r\@r\\>\-]\wf\	>A^:Г51\\azvvg\_\\\{\M\F\C\'LEd\ZafD\1NR=ӈ\n:n\E4\\\L\\n\(\YY\\T\G1\i\\P/M\\pG\Z\c3L\\pg2-S9v\\\hO\{\2/\n\&p\|Z?\'ItH\W\=˟\yBT</̤? -RiJ>X<B`\n\L\j2gi\>\\fr̊\\!d\0]n\Z39\VRmP\w/+\\Ǉ̸WIh\7\WG\R@\nQ@66\	v\\	CS\T\$\\`MT\\0v$ocI[`˃0|L[\\	\$Y$\n\\kL#\\zff] \"\sO?mK-To(Rc]\\\}=\S\0\0\0\0IENDB`','image/png','archivo'),('9aeb995d-2cf5-4ebe-ac92-5edc98b5979f',_binary 'PNG\r\n\Z\n\0\0\0\rIHDR\0\0\0@\0\0\0@\0\0\0\\0\0\0tEXtSoftware\0www.inkscape.org\<\Z\0\0\0	pHYs\0\0\\0\0\\\r\0\0PLTEGpLg8 ׻Ag7!g7!f8 h8\"d8#g薺\h7!g8!@g8!g8!?g8!b;\'g8!g8!@@k:!\\\\A.@ȏl@C`@ i<瘺똻\\\\\獑BXZZDBXZZMeE\\jʏ\g8!h9!e5$f3h8!\\f9!\\g9!g7!\\g8!\\B\\AA\\\\\\\\\\tWh9 uWBaL@@_K{Q\\\\\qg8 g8\"h8!g8!_ZQEA@@L\֦\쉱g8!\A˨\\x\BXʧ\\\\ɗx4So\ǖw`~\΍8\'\\\~ߧw[kО浓o?#\\󮮮bbdCZG^򹔁\\\[[趕٧Y?S;pO6c\\\ٱso@)գwI2j:#\S\ώ8\\>#wRK<ͬVq\݆\y\\\𳌰\\Zw\sC+Z`f\\ォ\[ag]{\]B[F\¸_ӵtXŨԼԼġ\y\\\ǤöbEɧޚ͔\koӶv\l\\Z\\hﾜg7!Y?\ԱyĲRlRlCYcIdʠżmK\\\\\\Ӊ\E\\\adjadi͛|\iQ\ձDP٧W[xĜlQ}SQݭ\oV<\b_\rH|2\0\0\0dtRNS\0\Mrz\w@\0\\"m\\CK2{\\Y%%GL\?T+\l+\U\fy)4\g]\\\\Z(\B\\\0\0\IDATX\͗eX\@1d01wwwww\s&%\\(E\؀1\\\\\\\һ4M\\\O}hi\}\.J{ON\'iO_\\\0r<gjOݻ\\+賹\"\dK+\0RRy\1\Q.D\7Н\\IiW\\r\q\\Z\r\\J\\rZyGr\iD&)\4,\\\	i\3\̙i\\fϞ5\\[\(̨H\sdE`3[\bot_\	C\0VB]ix\#WBPCsPm\n~(N!(Y\n	\,\\h9TI9渱2H*\r\\iUع\^\\ :z\hg\=;\VA\rcV6eJE\G\0i/\,!{t}v^(.8]pA7\ aV~n*/O\\(7\0슱\cv\<\\]zε뿷g#&JGR\\U\L\	\]չ7\81\j:\׭S;\\U\\e5ÂcXW%\z\@C??\a=oj\ğe\r@x7	_yU\+T\Z\@v\C\\T\\/\\	bAe\RNJc\F\FԨ\o[dLe7\\F\[5ҍZ\w\E\|Vanh7A)\\R,蠵ɱ<\\\5\ի\K,5ɂ\Z$\\o4My\I&J$OI\\\\/rA\ă\Z5[g\ό]\"	Zb\\o,\n&kq\L%	A`&N\H2!\EXHHx\E\riɂ\		Ϟf[@KX\\-\\vTӦ#P*G2|9\ȫ\\rhR\ԩ\nS\m\oS@A\m\\\b%z@Iх.\r4TW\5:!+\"El\ E.(_Gvs\!\;\0\0\0\0IENDB`','image/png','archivo'),('abe5170f-42c5-4494-b4f9-74282c4f74ab',_binary 'RIFF\M\0\0WEBPVP8 \M\0\0p*S>:I#*QP	eneÑ\\n\r̐k\an>no\_?Ԩ\\\9o|O_\wyw\o[Z@/v8D\r\ڕ?\\o\6$\\/2\r.\L`οj;d\0ބ\"[/\\dv-\̗F<v\z\\nzw\!7̧$py\x<r\x|k\ɭ=p\-x\=\\\\t\\I~f\"\)6(\1\\?lY4]\;X\4o\'n9\r\q	@Ö@0\S7\;\Z\! ^i]`Tk\n\.u\Pk5p,\1ٷ>Z(jI1$v1(8d\0\\z{h\f\@\\\Z\+6yε_fz{P\\\f:\\e\ZvCus\Z\\5+\\\\:!qz\L\n\\0\ߓٮߕ\HG\n=%mǀY\Yns0\Z6\\\\iR\-p~e\\z\n!u\i\nut!\dY;F\oLVq\\0\C\fHh\\l-\"`\\\n\.jI]qI+tզ=c\C%\=1x\^lX)\8Sd1a\=e\b\>0$O\9~ΌӜ\\"*\H\\0\"^:\ΉL\XTT\\\=x\\\\+/\YoiKپ\!onm]8(ox_Mg\\[yg\^3iӏ9M\+s,#\x%\CǓk--\\+\b|fƟ=u\ڣԟxc\&M\\\\\l\\uu`>kpX4\5/\\=A&KH!\<\l[X%\e\\	&siK\\1o#\\\KVV\mBGJs\CZф8jrQ@\T\\,P*5\]%&޸P<X$M5\\.:G\N\z\NWᷢ\C\\),Fѩ@NwR\_g;5\\1\Z@>e\<F,Oӎ\.\{A	Z鎲D\VzD\EF#}\o\ؔY\QY\\Q!3ǍL\#ɢ\\+ae}v\k\I\D\\Υm-\\b\.E+P\X\S\g\\Thop\\Z	L\@\cv@\5d\\:W\[\\\u\V\MZ[f#T~ˠ=L\\^gE\0^8cth#U\iϯU\*H\Cuu.ڌ>pߨA\j\\T\\\\}>\}w$ƾk(up\_&\Z@P\G\T%>g\\\\9>5\!Fbz\\গ\%}Ew\/\wz0m	ƹN\(JҜ\.%\\\\7\"͹f\\rs<O\\@^s\?CI*\a}49?PH5\}\LM}/>\\\U+PYWGN\HZf/mh\t#\N}ZWS+M	^\*;N\\'&lo\\~}\dY\\%\ѮH+0\Q\\g{\`\\nRJ-\\'	yd\\P\\\\{!\3~J8:\ow\\\mWU\`&\1-`)ϛ50\3\*\0	ivpG06Eߴx;]\d@˲	\-F,n!]:fؕlp\\6\V#OxG]	b\\5F\6\$HPi\sz	ޱ\"\lޙ\\\*V>>2W\5PQQ-\X\bOWm\\&;E돶\CK~NN9\\zO	 2z(bs\\\o\\ko>@	\"<z\(\\9`\\._y>n\V2PӚg<5$v\z=et]]PuI\6_6v\*\ͫDs\5}\Rr\/\Zʵ\1Aw\\7\qV\\Irզc\_O\h\%! x\\YF\*\`^\"oU+g\\\{\SVq\b`9)1zZDoJ\\6wU^[g\\\/\0E+B\-z\\Q\\\z\T\\C쮍\r\2#Y\n5+\\Ovq;g]Rxzp8\ūb\K	\\!\\ZgS\\*\5~\Tus*B^@pjIl\&\\9ʒ?\E\\\\??\7/@!zu璥K\\yw\W8zj\1j\K\\1\.I\3`qe<4\r.8U!Ԅ\J9\\m{a\Y\ӣsP\#\0\|Kh\\h\ڂ(\r \u\\\\\\Q\\3-\p@X*xa>oMMPg\6B\I$ѩ\Չ9{}\\\0^\ 9R\nl\?\@XdPc(YB\Z?\o\\\_\y[iEρGq/38`1\\\*\\A\ʖf\sDycX\,\/3V)\\\FU\"/\\n_4mG\n\q\0^U11Ϥn0 \\\\ݰ:\\9\m|;\|\-\I=t\o\#\\"\vl-zd>v4Bl\\\h)\u\-K\0&Jq\\\\\\ޯ~\l~+m\x8WPڣ\]ݜ\\8uy\\<\+<~\%6\Q;\\\ܯƍR\wה\h\ew9(\n%]\?\Kq\l쌗\n\j\Z\\\\B\\Ņ1_qk\/~\Vi\\xKW\z3ksNe\r\\a{JN\B*qrC\s?\\\#4`	閦(ᢸ~=\\ec\\"I8s=_>}2mm\N\8[&\\\!*\N>WН_\ش8~\\wDU\"\ܸų\\O>|\WZJ\\J1d\)?X\s=29eL\\IW\\\U\Z>ֳTW\?Pˆp\\=*ɷ\\Jv?\\s7\r\ndU\\V:Be\U6qu\\(:g$\ӵܬ9!-\I\%\"|\'\!\\\Ŵ\"EX\\v\vr7lj]W\"_\\r\V\nq\0)Wˁ\Ki\"A2\=\\\ld\F\\\KaY\\d\{QÚd&Ur\	~\{Q\osdW`XJR\zΙe\\r.\n3?|5]S\0\0\x8jo`|eh0\zzmH\"fMԸj1ÚH8\'Ω\'\t2d\C1\ø>wPScPуڿZCdG\CR\\K\\*嗆|\\\\m\w\\\l\\>\:\\\\A>9\灒qG 볚3D=I9~\^eQ\Yi:v\n\z#E\VͮXG&0cW\'\r\w\ZNрYQ\×s@\\\->U|.<./\eOn!\\sp6Vx:JY\,ڇJmĸ\`_\o\\[\-$=:AoO\0%\#& R\^\i{k:\\ǓXLHpK8\0՜\o\Bp\a\FvV4޷(\ɖ$,(\ډ֮f\r\Zؑ}[\{\x\ky\\Be<	H	Z\nq};khpzͷʂ\2x0Ӫ\b\\3\'\\\WxjMpL\\	ٮ\\\cԟ<\\\Ҧl\*\\kI-1M\Ue35Th\\\O\Q\hɱlG\Q\n\'Q#nwDq*(\\\gWdq+Cݕ[\7\1A/Z@	\EM4\\%o)5B7\\0.]\\[-Ibo!\1kW\?Z1\d(+\U\I?\\WXG%3\r{:F:\\XR&}GD\0*\\ ^\܆\\\\\0 =]K-~?as\0\l\ \m\n0SG\qiT.rbp´	gO\&->\#j=U\\nF8Ziܯ?acjh%.\\K\0.)/B\g\\Q\q\/b[ty1\ҝMg)D\\֓\m\'X\\	\ټ9 #r+#q%\'\\(>pm\I\\r\:<1\\f\\q`\\\z\Fw\ZV`_de\5FMl\8{\\ݸP\"dܐضu̮f_\WT4\\"F\*T\+\]떾\E2oR-\2t\\u<\E\reO]c_\\\\[*i\rLs$i,V\wy\9Ɖ7\\#xnme\D\\sJ\Ln.\^\\C>E]\c#)9(\uI>\\\4\guG|_|\AˠJ}c\Y\A\& \\\9\\c\/\ޜI(\e\#\u+ \n,ϫY_%]iIt!1\\醃\]v[\߸$v>\D\ݱ$%\"\"Ruzwv\`y\&X}fgDoDجpEOچx\\v\+σ\\'8\\\@\o\\CIG\&\-Ƨ\w=\YϬl~\\\"Avǡ\"尿ĩIB;tT\\\<}hU\\J\\\#nV;\r6\Z\ҔA\&1\w&yH:+u.OPLjd\\筿\­{#\n\"I\\\0K\Pi\\E	\Z9\\DnP`)hYbg	g\{{ħ\\b\im\_s\\r\o\Q\&܉5G[<\6:\>v>(/]?\m\3e{\\\bfa\:|O\5\\[[u\0K]Hx=\o|\\6jI\m\\z撛}\r\\򱗲\FCzY\fN\?|+\s\\\\Jw;\V^T\ i10i\\\'wѥ!4\bI.&CU?hq<f\S=o\T\U|B\(\\Wln\\>bd6\$$lVw\"@\'YEQ\\\{*PL3kc\[Ap<O}\nh\Uۇ=BΊ\J`\rW?\\(7//M7s\;\ߞt{\dԱ#\Z\_\С1 W)\\(E\ت\\̉|Kr\\\5\ZV]84h8D!.fհbgkF\lE\\kGNod\ώU\\r	\\(o@ʹIz\\s==ҽ\+S%C ohO\б\\\m>H.nդ/yRSfu\\0L-\Y$[[n8N{\}}\\j1ưAi{B\%SыCF\iv\\\0N[R\Z7\"\)Y-=<XfX>\i<q0\+!O6/\\G^2g&U#̠n#\{mo뗁\AV^\vB~tMBX\!\v2Z\il5S>\IH#\HӅ\"~jA\f\\\QO_,1ը]\Z\3[z:{\j~5\E~\\36\\\\\Z0Z\^2\\3o?к]ۓQ2Oy⸪i\DH\\8O-7|,<\zU\U}`\MXr\\0FZ\\ٻ2XEZahk\jS\r\_9Lkt\9hTRQχ\0\z\\rF1J\<{#\Ge) +M\"5\G\2Eg.Rrz\N\SMG1\p`\\w\tǻ᫞\m\Eg,k\65<[\\M\Q?\/LX SQǑ\|_\\;ɖH3\0)g{^ט/\\O\|aut\q\\No]\\ֹ1;q\\\"\š@搣VLFE\{\Z1\\\\>{d1D\s\\Z9\Tݖ\2է1u!p\5\V]6Q\\tlN_F>\v\'~A~$N\"݇U˥1bMsLW\0s?\w\0Ӿ`\Ǩϡ\u?\trÜpz8}[\`j6j`zq\Y\\'3\\\l6VK\/\j\\JV\\\zWp4?\en\ozH\z-0$\l.\b:[mW$cya!psQ\\\`f\16\\.5v@Ma\"w-\Tf韄愝(|p\\O\Y\L\\\kEgIjqj|BA#\Y+.<\IRXp5ݢ\1)#fpGfx\I\\O#\0Z\\y\YH#&pymr\r\_*_5\\\3{\LЪ\n6lY\vPO\ \\!\AF]IB^?\"}\q~\\0/q\Έ`mS@\YO\Gg\^S\~:\yir\\\\3#\\0\Sо\OY:F@$w7B\HA<\)Ca\u>pNOXmE[\=6z~\۷\\n\}Ѵ&ѻv\ mB\	ʉ\MI\eV=|\wksd\\ZP\\\\KE\(\<\\0\x\\ۇk\LA\\O%&Y\n]~^ݲG\G\O**EkIQ1\\0!\n/耏3;;\nv\"\㴻&\ZSW;k_\\ؤ}}>VX~\̋)DY\Z.\U\-P\\۽צ\b\nL. \"抭\\F\\ʶ\.\\\41R\\MU!֯\vdû\W_#M\		:n\kS[\so\\'{<aJO1q\\/5\\>\f\\{\\'\\\Er\>X\\\)3{w\4\RdlY\\D);Kf\ahӒ\\!\C)֍w\rKF?q\F7\\R#ij0\r\(Iq\ԡ\"\tW\\\t>RSr\o\cJmּ֥gE\\Ͱq^4\\EAx:c.c\瓩e\P\QDݗ\04\\	\߉xε\҃\ZS\Dp\4H\\sSqڇv\Ք\liIbOK?\\|:\SW\$\\kad\;#y\:ܷ;k\r#\N\@m\|R}oL\\\\V\`F2Tv\X\w\\s _F\|Z\Y\=Xj\/q^\hO\]\XF\r\J\\a&oiv\0hA?5%+\Pǽ)g;\0\\\\au\E{Hƨ$$\;\\"d\qX)\r+\`\$N̀*\'֠\\h}\zS\ފY>2L\rf\o\~K?\dk4jԟ*\YIއ\>vv}Q⢎S͐\p\\)u\j\i\rR[-d\\\,\P\;s,ͮ*]\(\vpoP\'\\Qv\[jbUMJ}c8w\,XW95\uo\0(\'s\kd`\\NF0esd\D\jfK	J\\%Pl<\JM\\a^68\HrR*U#}6ܑ\"7\T\\q<ˢyt\\Xvs.!\e/w\,Y	\"W\R\Z\Zi+-\+A!j\\El$ƔtІ\4#\Ak\ŇK\\j\4P\\Fa\0\\[Ư2\|\G7zha{\JC}A.\Z֗muTZ\\\Z\xzOBUƏ\zw*蓪\ɾ\;К\\\\g\H\Qz}\|B#,\8QMQ監6Vm\\%7׼&\]3/pކc7\\FƢ\\pweߙ\\r\T\C\Z)\5K\J`y\\!/\qԹ\\\\/5h:+!\e\\\\nÁ\.p\nj\ϋNxگۥUI\1x	Цbщ\كġ\бB03g\0&\@aBNF\c0?l2\\ٵ;\\gz7Qx\\8X~.p6_HeRgX\nȱƦbI3nE0CZ\\r++\r\Y0Xx<Y\l\\Zv\0\\n\0\\nQ\|ogKv\\`\Em$Oσ\ÃfO/\md?\I~	eCt9\\$i\\f%\lrZ:V\0q\\`#sM&k\\"e.B\N\jk޲lu7R\(n!4\oqNl\ȏ	Aގ .D\0}BYMݠR/@gՐ\ͦDky<Q>1B\0\u\x^\'տ6*\#ݶ<\6b*HJ\r>i]f!\\|s>w\\D|\\bd%dG1\^\'ۤ\"~텢\rӽ7I\M\ϑD\Z>\\W	n\.:ɱXH\3\\4\Qʑ\[,|0NZi\H +BYEV4vUpZq?qm\\\EZ9\\h9E\lZP8\nauh\۷\\INdhA=\0!2)[I!%XS^Mj\\r,^M\	sۇ&?\n!\I\	//J$ݧtG\+*8=ţ>yJM8\\!Xo\)\6\38FD\9\\}	6O/PT|v\IU\>Y䷼;\\!Ѹ21\\a\\0\Ǡ\;݌fJ\!\Kx\\\1$:{BbؠE\\R\h\\x\LPƖM\f\\7w=V\XC\ًjgN+f\Cԭ\ћj\duNM\`BǟYg4\LwKb\\W:yH\"r\\I\WUZ=DBt_1jw\>Nbb}K!d\Ss\\B$Q_؎{#\n\x\"/}\r+hCW\\\y9=޹\Z\̃bm\\\\Ӆ\,\餾bʆ\v(S\\y[\\Q*gU\^D\\;BX\	_\	Ih_.A{oB\0-\\^\\xw`C>?:&L\\z\'i\s-B$\n\0*;\0\\#gFU#\\\ \nb\9ζ5\-\BPۣ$Y蠪-X\\f\\\\YT\&G?v@\\ߢچ\\是\&xz\\\e\ooA\16-	ȾH3\0Еo\*\P\Z`t!\܅ڑ;[O\rxUqrT?\F\\%\\g>\pR\\eQN\'[k`\l3ć\\ZV\q8\\>wvcp\gm\'Ĉ_幻+\Z V0\>Y>ʠ\+k\\ \§7\`zu /\GD8\B[Qn\O\\`ȑ{\X/ͼ}\\\/q?n{T\'e-7Cdh\ZuބTX)\D\[<\\\\pF\\nF\\CEqAQ\XtA0!ԕNS\b\'!mn=\\\\"\\\\)3ҤvMv?M9/\[iCc+V\\'6\ԋkf\\\r@]뫋\'ZIq\04modh5\\\{\\\](\\$t\\0qӾ&\\4^-u>\B--Em\n**h\"T5,CJg~\Ek\wl\ni_\\\U\\Z{\d\?y\Qe7\?י\@0`/\\4*\\s2\\tZ$rrא^0UBPi\!S*\B\W\\\3H\\ؘagױ	jHu\\Ш8]A\axݬ6Z\޺\\CH&٩n~=v&kngy\\r@Gd\\\n$6\w\\L+\\\,\r\\\\Tk\H)V\Dd	rP\\-#[עP\\49ɰ]\r\Z#2L\\lޣ\vKOXJJ8̸ѿ\n7Y]A\'$Ar\M\{\s9\\Z\\?b\sG\!a\"dMo5	Y\cR\\j}Un\\ \]dYԜq5\y[W\?\0\8Y\	\0<u\0Y.5\\\\\d\ӅE|j\: e\),P#\:ѳ˄nO\\Zڣ\\\\/\0o/\VՈ\&%\e$\\\N\2*\\bGN\\E!pi2:]\\')]g޷ݠ\\\3ȌJuc\\<\Z\Z\Kա~F\.?\a`Qnk?\y3_۔؇,cNlp\4hD,;º7\\Hޛ+\\\\\rf\Ŭ\01%LOj\^2P\\}XL\桎\y\Z,+|>P\\rGpy\\\\|\aʧRN73o-$/$GdS\@9(r\{_?ekD1nx+9;\r\\n^\\5\\Z\I\\0\|	uVÅe\n=QD\\\=\\\]\rTzQ\&\;ܥ\uZ\\p(gb\,43.\;\M4\]hq\<3P>$\bFw*\a` \\og(b+ӯ\\L%\5\\\n\x~Ʌ\+\/U\ wӋ8\|Ŗ\\B\D\w(SPVV\	K\vãfą\IjX\ŕ\\\\]y\\t9+ћӧwނ\\5W(L\\\;ayT0\\[R\r]N\TWh3_Yɭ\Σئ;\Q\N:nҮ\Y>FTTc?~z9\wv\Q\(܇|]Pr\6M*\\"l$\\%\c\xptԿ\9R\\\%YG\ԑ\"~\a8\LUՋMbg~!\\	Aru*\yźV1XWu6smf\F\F͝?\M\@\_\"\đՀBA3]#@}Un3Fuj\u\*Bn\\2q{F\&4\\X\HwW\2\\h\\K\L\nvr-dT9l\\\"/)Q>v	n\ש8)\J@@#\b:/\)7\r\N(Xb\I\nƃrHמ\B@\"\\nXF!<.i}u-F\ 8\ݕ\\\j\%\\0<\ 3h5N)r{\'C\\\\n\C曆\\i\0\' df\[\\A2\\V\4($z\+\Z<}M(k\\o5\|\,\1]8lC:BoM\\-\q\04\dY\K4\W\\\\:b\fJ\AaT\y*	,!\ܙ\ p9TkC(J#%JI\\Rj\2qju1ѧ@\\5\E\\#m#K\'\\n\;\d\\\r\^vڻ[5\ެT6\\\?\	/\\e\=qSTm\޴\\ZUE|}\"1\c-栨\\\ZuY]<*B]!\1\N0`ڽ\\\\[լ/\\1J\8lK?Q\\'B\+N\Z:\|N)嵉iS\˭\̪V\\\\/̰kgƣL\yA\"aY#FǢ죠:I\3Ӯ<&Aub\nAH\G\\Zb\h8\r%>(^\\ߘ[\\0M\\0\-Z\n)e_[͡Fu}\'\X[\t\Q-Ab)yRW\MsX\0\;\.\\QZ\Z\\>\\3iD7yL\1OI\|A|6|\\\\A5\1\\\x\d8\1\\`-\(\'\U\R`CdVɦ\\"pH%>\\><]\*v\ZgBo\{\ӛ6\,J\\n\ӏ@\?\_\\/,\\\3L̻	x\0\\ζf\\\"\)\T\\\: \Rω\Zw+` 3]wP\i5oCU`gb7\0v\T\\Ip	\/];r#<0ud\'et\\\H.Y=ק6uHCrB_ =\\yqI\͙M;\5\A2\M-.×7\\&ɅZkiO\	Q\40\p\\G\5@%:@\yw\RJl\@\n}m\\r\Z\ٺϺTmkqЅ\\[)\ݙ*\Db\*C\uQ=\^5U\~J1ˌ\ޏ%\[\M\#ݮtpJ\ttė\x\в\>Qd<r/\wOj9\T{\\FV9g]ZGȢ-WYR\"t\tqM^p(ͥ2k\6f\t\xN`2?mcT\\t\|7HԈ\F\AS\;\3+k\?\0\nX\ZndO\\\O!\\Ԯi\Zjd\2\&-LIe9$|NE8\Z),$?処ٟITC-F|\/\/[\+7o>>Rf-|mJ\\\Wc\NiO4=\r\Ap:ŬP\U)n\NKyZ\q\	#\oFzT\3^~\?\\\x1\\\\7)OȂK>S`\8ny(Gd\\ufX\_\U\Hwc\Y\l5QY pH\\\N8%b\zؿ\q\\\'_\\\\"^)+\\]sƓ}\\0ԅ4JX[,QHx+\\cu詤Dk\m\k<\7v#\\Z|Q<OR\\6t\1\ !@wXR\\+J\]\SrS{Ɣ\5\h.15JcF\\\nQU}-l\Zt\\<{w\\\^vlZ;V0H=oa\\F&$u\\(E+R~&͢Z`z\I\o5\\cU\䀯iSJ\Ժ\=kG\d	WCm\ݐb\ z\n)P;{=n.F$\S\\Ooݠ1\p&_\Ez!W\Z^*Rr\%0\"\k{\z\0D26\$t\9\G\ސ>.>P/\\+\V\%WIir*\g\G\\`+XQ[\#\\]/\Pe^\\:\1\\ϗ@|jU~|qf	:\Q\rr\d\Ҡus{އ\r\GH=$\r\6e;\'wQ\\WY\0\y(\nˤ\ZFϝ\\\\\ѣ\\1|\x\8ioVlYL:\\Vچ\=J~]%⦗oBEk\|nqi>>\W\rF\k_::\m0}>\fv0J0\\rCƞ8$$\.\엧;\\Z\5=\#\ߍJ\\Z8jl<2E\D$.kk$\\r,\uҚfЮ\{\\\r׊7\}\j-ܡ/֬Udj\Q\ӷG	\zsF\\	a#Vr%\W\\P\2Bs`\\\\dJ\ހM\\@nq*\ZHS\\\\\\E\*gpZ\<O\cI\yR\\w$e\rᗧz\n\ʶ\o@Iy\ÚMLF\>]\^͡MK\ણ5\t)	G^\rj\\գ@\%%u\UvA\W.\0e\\a:G[I?Y\P\"KfNz	9FKm`$57΅t\\Wտ\r%q<C,MvViЃ\\c\dhx+\\4l׬\"\GM\JIm_:rr;.6FHN=,z\\\\c\%_W^ܶ9˂\YÕZQ\l33s^e\u6\^\\*\\$0\;mzN`V\\\\y\\bRG+\.\@ɮGj\\w^{#nbр\\}R\\`{6\pľfe\\|-TŚ\uڈE#n{0kD!\8\\l\Eo fg6\6H!V\'\n	\\ \(\\\rN;\~^e5\;3\T_xuax\{ms\4!n\'\\\\Y\\j\`p\\|]U{צ\\\\`}Iq)J\S\T\\\\VNaV-eDW%	\&2B\R=N_\\~\\\`n8.;m\Ƹ\E$&\\\}G]$%ה]K\\!ʪutM\BY\k\'7m<tJ`ސȭ@JSK)\rѾ\;\\\!7\s,f~u0\'\g>\\/\;\fLm\K	j~.]\Z^`/\`f\q%$z	$KU.\t\'\eeI\s\&Kr?\<Y\N\Z,WM04:o}E\[*GQM\<?9c|{\jO¶\\\X|#u\\\ L\U@}\\HYrv\\;\\\\"%7z|4~H\ϻ2\<Ϥ*G7u\"W)9ĴlA#pvqJG\ҧ`d\\\>\ \0B\ g\\Zr|\3]IL\\lݸ{PǽY!dW.]\螌Chap_\w\7\\`\=0\Z\\o\ʅ\\'\\s}\y\"\\n~Ĳ=pR\2Of\\<vjY\$>VuN𢾲\9vƉ\\x\nں\'[.K=: H涖\U\ D\\nXAaC݊g鎸_許RԬ\iq\\w\(\(\ \\|fׅb\	}\\vu}\a\+ZO`՗ gٺ}wʲ\ZP&&\\ӳ\-ݛ2\ߧ3Qԫ	k~O\\Ì\\u\o\\\0-GD\Lu\Cbk5>\\FX\\\;c=xzh\np\\9osM;Z\wQ.^.>p\\JB\"*Q;:\\#$\\r\\a\#{\tw\0\˚\Pq\T\$M\%\\\gp\:c_$vR$R	z\o+HI3\M,ԹG`Eϲ ɣ\\v):z\-9Gf]\w\o\r\R,\.\@\r:?[ڣ^uҕ闛7#q\3S$\\u,\A}a\\\J:>\u0%fɕVY̄O`.Yq\#vrxr\;HYTHiq1Y\&,G\T[v\,؃Q/=f2^̳om\\@5ؼQ\*ks\\%\4\\x֒ً/\l\k\uy\n\uZ\\\7\\ \\QR\\sB1\@\D\8\=9{3\V[nl\\\p\\_\]\q\g\ֈim,\\*ofgԣ7~Wu>\x\V޵S\\w\\%O\kMe\\08!\\\\8\i\\'\^\z <gZelw[\\\86\"e\\W\W\\\=\ ř5s䲵\Z78\"\n\#OW,1B\(2\|N[gw\T8tu\\EF*\0\\ʩe\t*#Xe-\r\9G?\\ۗf]\\0gxl\'ƅ\'\FR\Nw؟يllF\P:\B}\)\\mF,\\o* ;VB\CDO\!D[OhVJS-mc#͛\D\,y+\?xCq8ӻrc!\\\Q&&i\DE̅[|\29E!5{0W\%FP_\CI;#\r\s\\ƙ\\SH\Z\ݶ+aOމ%;GT>w_zIBޑ\\ʮf>HJ\rFhc\'=AEoa{L?\a$S\ė\OJQ8\~a\vrD[j\l_\0P\\ry{\콋Ijtqg\o,<^-#j!^\\\\75\n<[\\,qd\&\n\Ƽq\ \G\\ʓpƹU\,\\Q\˻4l\\r\~\ULȴy*6nE\\k:t\Ğx\?\\>\\/V8\JRvK3<\$Bhո`,W\c!%R+A\CM\\a\re\p\mXyTv=\c\s@\\gb[\\	휚4m\\\Wn{;\V0MUa=I!w;\꘮\Ty\YR\ïT.-PFKz}~4{Cgy&;Zy\;\3C\\ۖwDt?\$Z㠛\D-\%\Am\^tɱ\\n_\X\fAh/l\\2\C\]\a \\r\n\'hK5\8nW\07\W\\"LUҽ/X\òs\\\qpS\T\J!9\ㆫD\\\rQg\sq\pF_\\\AY\u\'N/\3z\n;\0Aâ/,fE6f#xH\\g0ٝ[m?)P\\?\\n\꧕rO@w\I\v`_귏1]A\KD\\'}vOLZotHtg12\\6E\'\>\\\I:MBy\\ZШ\|Yr\S_M\(s\Ɲ(c0SW;!\8Gt\ѫ\$QѠ\sY\\\!\\rrE_X.S%L= \u;϶ւL\RnG!4`\'\n=\J\\\ǭtYjKB1(R1&!n8\\d\7\qŷX\"[\r)kM#@\,+H\\⽃}\!G{[gVk/\\'UXmiAblK\J\cgX\\\jԆ\Q\"23ܠW\\I_Ԃe\]>ou)|̦ 8|گMOP\5ΙJ^\Fs;\\'Ĵ]3,!V:D\06.)</\ٮ\U&v\-\AQٓޢfĴjzn\s\;OM,\s^vɳW\F\l\|P@\'U$=SCAYD\A\g4\h\}o[\\uǎCӋv$5+7e\\n\2\fOEH77\"\\\x?\]\T[\@%?Q1V\r\~\F\+\svV\<WNa\~Jfɡ\"uˋ)_@CFX\z:ć\4(T`\c\\\n]\\2\1N\\\E\_$rʯAg\03\\\\k2\z\lPEM$;)f\=\Zr[2[IoLJ\al[\`,\n+ /v)X\бn=t\S4~V\7GVCk\y7u>u\^xgH\S*.\\ؾǛR\ܐ+nfz̷.,\{/!L25=U*\wkx\\OFTSv\"Ź\\EA9\~;\@r}9mAcQ\R|T\\C}\)UyWIGZ\Z\[&S5\2\Z/\D✛/lpc?S\\]m\\5ﮜ\'ɃQ\kpPP=|]\|\K#V.-\\\\d\s_y؊XԆ=\r(\\u\dk\u:\r:CM\OWǔ4\\\>T\\roY\\\\Z\Z|#z\\\)iΗ\0\.)Bl=\\̃\&X\\\\SJ\:\"?ǘ\jW\W䎴E\C\n\\55kH~\\W\0r\t\~\0+\>,GUNNh\Z^\7_%8`ROC_E\\0\\r\-;y(QPж0\\"{ggG\G	d\\\WSTz!Y--\r\ZS?1*z͋8&\\\C\5w\'\{\Z]\	h~$\\\\8g\eܟ\H{`fN{Ԟqs@󩛃@)\	\23.\\\\n߼\\X#/\\C\rQix\\\0yMd\6^*}#\$Q\\̮\Z_YX\\N\'N\\1\\Z-\\\W(\Xy\.\\\\\\vK\z3ϑ\\r\6V8zȨ#{sw\M\0\8;\'Kle3R\rYe2˼M\?.oG\rò\\`5G \ZN\QA\OFѺZ/W\lͩR~g\\\YT(kOF:\B\\!Ô!\a}eJ6\0WB%\o\\\7\D7Uy1rj`251K@,{@\0#|q\rT\'\U+9-׉};\N=bd\\gmioƜ&&\UJ\x\\n!w\n,Y\cVSe:\%\vqy<\\\x<\\U\'A]JE~G\\Ru1XBUh\LT\\`&~ ћ!\\{W5 \r8y\\\_\	i[u(fG=T\\\7\Yo\H=\	K19ء\ \@Y\{\!M\Xf\Jَ\\"6ne\r\)⌀f\B\,TCF;Ribɍ\\s\<\7ZbI\ݽ\\ns\"e犴\[Y\\~ٰNx#v\¤`\@f\\\U9\\0(\0jl<dJ۠\2\\*\sl~5\0\\	6wB<|zC\]Z	dVQfɰM	\Gp񏃦B|M\"\-BмUwR\%\\Z`۽$KN\ѣr\\s,ǨV\4eר:4\\*dHQh_R\\\dj\i#(~0	U_6\58P6\WG\\r\>\\3WO-a,>A$F\U\#X	\+Ǵ{CV|giep\vi6O\\\|}\n遂ZV5mX\\qʼU\öwCDq\Zz$`\rS\"I\[-id\\z,tY\r|\X=Е;\_J\5\\S\/)+ZBE\'s/qYr˭WWe	Ը;N\9T\ϋ\\\n~-eLad4\"LـXb\H>c/\ZT\XTD28Jβ1\\n\\n]K@\^T\Ze6#\-UL\\Rw\\p)Ʊ\\@VɸU8E\\\\'`/V:\nj!\u\B/o]CY\-f\%9v3h%\AM\\e\">s)\h%\0 B\B/Q5ț1h1:$\\n,`̥0\D+*]h8B\[uC9vM\\|$?9\@\5x1Z-5\0皭Xzfe\Zs\0(\j9b(i\جZ\\\*p~-߱;j,)w\A+\9G%lNX}Į#8\'>|٥@[ GjҵK\\\\0Y§io6z\\0d7=5%1C\HGhƄ\\\")-W\Y_\O\e\i:ޟ@\0\0\u77F\</V*c\UePҰԀ \0\0','image/webp','archivo'),('b9ac7fe6-4270-4550-bc76-d4a41cfa6683',_binary 'PNG\r\n\Z\n\0\0\0\rIHDR\0\0\0@\0\0\0@\0\0\0\\0\0\0tEXtSoftware\0www.inkscape.org\<\Z\0\0\0	pHYs\0\0\0\0:\\\\0\0PLTEGpL\0\0\0\0\0\0\0\0\0\0\0\0\0\0\0\0\0\0\0\0\01\0\0\0\0\0\0\0\0\0\0\0\0\0\0\0\0\0\0\0\0\0\0\0\0\0\0\0\0\0\0\0\0\0\0\0\0\0\0\0\0\0\0\0\0\0\0\0\0\0\0\0\0\0\0\0\0\0\0\0\0\0\0\0\0\0\0\0\0\0\0\0\0\0\0\0\0\0\0\0\0\0\0\0\0\0\0\0\0\0\0\0\0\0\0\0\0\0\0\0\0\0\0\0\0\0\0\0\0\0\0\0\0\0\0\0\0\0\0\0\0\0\0\0\\\A;	T(dc\R2jDGDDD\\\mmmfffxxx$;	S\'`,(\0\0\0ˤ^T(೔\\\R{):PU\n?#l%\n|8+@V4,>\n\n%2Hb\\n\G(	Nɢt_MIi\r\n齚w?[|lXG亗-Qu	]޴. /?^M>S(\".%Lm#3E%dRB6Nj +B6+s\\\ZI;}fybPTD89	\M%*:GgY\Þ\ZC_q[KǡI;0ƣu_)!:)\D!\P&$1 \n{{{9Rp\F%ʡE8-$$$Nqq\\q˦BBB=m2eeeծY8-%ΪPB5;J(;UtQ&㶖X}R\'x\K(&6J(7DcEEE;;;hUDK5\iѪ\H\"zcA.|ذL>2g!11)!\nF\L$b ZZZ\㒰%6I3*\"iSSSmYjX+++B\C}fS.!7\Zkq_r{\h}P`h=2)|8R<\\\:u(g??ii\M(C+666000IIInnn3$Y?aE2.\0\0\0DtRNS\0xjHB}\\5u\\Q%/<\Kb\\!\)\Vr鲈\\\x\\\[\Ӿh]\\0\0\IDATXÝw\\SY\,\! \"f,\ｗ!2a&+HPd(8콏\\Gg\}\Nپ\\{_\K&\\\\\\s\=\<\)\rJ9O\?OS\.E`tLD\q\=E;mw:rL\\p\s\(<xls\8bJ,.>\?/53,W\0ؚ<|y72\\"gODkB\n\x\0l-ߌ@|2F\Ow\\0\&e\W\<	p\f\ X\\\8\hB3\\\"T&LL\\zYӭ	 \'聙w\/\C&AYMͣ\'BN\nwG%[5\\\oL\S3.¤B\Z\2ֲ\\tD\@\\5:(bm?\r\r0\n=I&d4v73t,RR7WUA[ʛG\P\\>\r\F\/CO(p\\\a\\\xrɒ%\<z\Rsj\\/]{vgO\VSz\E#\Nh \0&9\0\\홏x\\ȗ \\1ԃH\\\so4Sd\\F\/\\o\\tԲzGrdNFs),%\\V\\B7F}rC\ \`)\N\\\uuF\\0c\&\{2P՘\\z\\]\|RZf=\ƅ=׮:\Z\\m\\\s\RH\\\V\\\̾~6w\ӌ\\:\/<\\60\07\cfs\0`\(\S-CWX7\u\˞e\\(\\f+!_?&\0;ܶ\6\*:8\F\2j\\qדܬ\n\\|\dm8n%\nV!\pж\nS&m\a\aev=$>R@F%SY l:BB]Lֶ\w1\<,\/A\%\\\lA^β>h\0R@Ej\nɽD\\-*yZ\rZܲe$\	AD$S~\̤B\*\~\p\s\$\9u\\h\\b-\= \\%\nMӀA-;Gv\'<A+-\\$ҙ.\醿`QX\0\v:hOq\Ol\'$;ti?2;\ꗩe΁;YxG_E\\+W\F\0\	8-\KA\nt^/:N̢u\\Imn\\}L\\3h\rד\M\>1WW\'&_CE\Y<Vh\9*[YܗH`I!n`%\\<w^-\\\\\\\0\n4\fņբw$.B/\+U\\w	#\\	m%\Q`G@۪\\\F\qJK\\Z\,Vp\kXI\\Z|\\\Z\1q`I,\B[A(\\r\wS̏\\}\ZͻHt\tz\\\0]ӳĥ\@*\\\\\rwґ\O6\\\0\<(l++MX]l`e\'UP%\\Uث\cq04%ғR@8NuE`QG\"]\s_\L<L]\I&Az؏ZU\02\=\Es(\"n0&1@tۭX`\02)s/\q*\\RZ-S\(5\\\\\"g\\\h\L\'@xQ[\0\zTߡCu\|\Lv;\E\Z;\W\\\\f~XM\:7@@\_&\mn\݅\\_i/\\S\n6w\?\熥\H\01N\0I3R\'\36d\d\\4\\㇛\!$;Omo[X9tL7\\\0XSl*\B+ໞ^\\W\6һ&T\Ͽ\&l/;g\L/\0_c\\,yW\W\n\T\0\ \U\8Z\O\8 \\'zR@Nnezdڤ\\\\ɛLr˞ә7	cΈ\g׸Jpk4g,~\0\0\0\0IENDB`','image/png','archivo'),('d37da05c-9684-4a86-9eee-f04c9ac8f337',_binary 'RIFF\I\0\0WEBPVP8 \I\0\0s*S><I#\"*\:iP	g\;*Փ\Z,\"\\,\->f\\}5h\1\oͿ\\\@9X\6\M\\za\\~\;\~jA\n0\c<\O`\(\~/\O)\#2G[\n\i}\"]85\0p\r.\\0l\pkAN\r@.}\S=L粂z\ӃPY`\lB*\Ӄ\Z=9A̮\ΡWN\r:?+U\\VƉ\\noKm0/\Gl˯\\y&E\\"q+\m\ж\CCm>\\'y-\,nG.a\r\\\L-Z6{Is@A\\E9s@\\7UhL\\:cWg\UU\Ie<J]\'ǋC\<)\HMAƩG#< dGXZbl>q~4\\\t\\$?Yo=\c	B=_\"Tm(\\rB\*~,X(b<\6i\b\Bб;.}\R2o\Z\\9\zP\\z\1\kDJet\R^:q0\@S\PVZ\ın\Eǜn`P\\o}\v\4\\\\0~[z\>c~z\VX\\ޓ8~\0[xYئS\l\,\\|\\ERه\EL\hDؑД\m\:╂2G9B\r]^wb\\{VBGճS\ns\D7Pz\A\\)\F#ݸ˥E(hݜhإid\FW\y\n\l\0\~\0\rR\\n\f\Ie~2XI\-\\\t` \\H]_`qm^*5&6.\/f\wn2ʛO\\khfi\\k\r\\\\,	É\卸Iϊ[\\Q\1{\d\0xl\\iUġ\cVߞ\rƐN\\)Kʓ\\[/Ma\\ZjzG\7\#\ؖnx!݉[O\q\\\{w&钗{յ%jL} +iB\fN_6\ϷdYm=iѳY4\\\\w\)\iɸ.\\Dc1\\\'vJOJɘʐp56N\Z\xE\nׁK^[!\\Z\N)\\'AG\QrF+f\y/\ge\\? ?\U{\rE^\;\!A|\C\+\JBn\ƴ\H\S+\\=\\{\rĩ\5@T\mƋ\\Z\\D\p:\n\\\%\ \\\\\|	\_Pz6\{g`\4Ȉ\%\\Bנ\\rOa\X^\[0n&l* \\\\\\!}ܗ\7*F\JA\q\:\\I̪0\c\g\\Zs1r=Ɯ\|Ӄ+q\\e\r\n\\0t+,\D~ւN[&?\-\\\\}J\\\0+\no\\vboYv4\nq\6\\S\\\\n/\\U\\s|\h <\"\m[*FÂ&iA\gMh\'w2ہƺ\\\|_eZ_xyk\*\K\ZK0?â\e{!\]!x\-x(@\X*X8j8\\\\9A.d\Z9m!(- Ĵ@Gq7>3ߔF/?eo͏U(]/O\\hVjb\nuI[\x^1*\\:Z\ ߧm=\r\\;Z;ww\]j}I\/\o	q\0u\+\gQ\6i̦\9xFz)پ=1z^/Q\aiw\ǫ\\ݹ9a\RB#MhȄ\\H«\Dnxv\n\\\\& ι/j\Sd\u\\P`t~珪6<\}Y[ǯ	\\W\^1Mٖnt+1\\rc6\\\T5!8֚$ϸl|\l\\\(Rߛ\Hx?Jc`3eZk]\7\V\ֆ\`	AE++J8Bg\rL\E9gkQ\}h\O\+!hwQ\8\ɍg>~i	-\Vw(\b8b:YUVne \\"Ybz\\Z<	X\x$Ϛ!2SMٚ\H_!\\b\\*{\F]6]f\"]lϠd!twԝ&}}9,	<@j\\\ E\D\Kg%ۃ7\n\`\\\dWIPJ3gjb:	\\}&\>K\NQu\\IfVĨ{fF\\F\"4xn8e\0$\N\0Vrx\Hv\p~C\N3m(?,:ȮZ{\IX\\OP;r\5nF\\,Cp6\\ߖy*שvVO^\\}xs;}ϓǸ3שcv\\Z\8\|Hɯ\n\f<@\\ZNH\$<8\\'Յ]\3\Zu\1+\\g\N9s?S\h\r\kVAn\0.\|Ah5\,7\\W\\o0+\\ylEo#\,9\\p.\\\k\1zv\u\Iz:\\_\\"+3wQ#nG\;\0V\3\55\@Kk \\*\+o\\o){C<PM?La-\"ي\\N`\uG}|	H]\\\\#3_{ fYDT\"]t\lr|6T\6w#p`$s\|\E\'X\ǘ/!\M\e*=<0]tV!özy\\\$\\\ɗV)\d\Xt?\H/rkaZ/7e\^\\^d7\훉\0\A>\\Y\cn\\Lp\p*<%\'\0.O\\\5v6T,2\\vn\k\kvT\z׳\\M!\h-^g=H5u_I|\>V~\Tuz \0\\G3>eJn}\=ӑmkg\tR\·\/m\^\nK\Zs\j\\'	\\>	.$	9[I÷~l\\E9p;F\h`af\\+$,\".c\Hq\E\\Sz7\\-ZUòKk\<\p!F\GЈd\BX$\n򥵠o۠lq\?Bw9\'mЏ2\0b2փ[lv\)[\{DlIH\\1cH\m]J\\U\n\1b\'\H\6\\\WQ\oXNr~H]ͅܕj黋:&!/u\"t\\\\JFꞥU^\\z%I\9\00i\ TpX\\\\'\R.pSX&\\Y\0%tn)2mj\6XJ<\r`|\|\w\70N\buO%a&zcJ\0\\\Dl\0v\"P	E\\\'äm)+\\\'@Wo	yS\B0\9\@Μ$\\\\&)b\h$\.Trdltw\1\\\\>kϘ1y61	NС\\\Nt\HF就\\pu}S7à\4\%sXg5\y}\s@@tfrŜq\B\g\3\n^~\59 \'jJr+-?\\\q[^+\:䙁\\0|tؤB0v\B\&[\O(k5\\G9\\'Dr$o\\P\T\>\2\wPQ󒶊6A\\h:/7G\1+m\7\X?\#3\\\\:-)Jk\ \#\1	EE\\\>\r\r\\0D|Yп6ksb׉6Bib\7\G\\\\ױ\9u\0\W\T\#N\V*0\Y]<T\dgWpͯ\dS\\c??;\h\0p\	r^LF(Gk+Y-\O?U䈯\o\s\\\\\\2\\\?,&K\xB>i{\DD^)#݃kQ\%e׏$	zG+\\\\0?\v\6El\Z\\˷7>2>6Ɂ߻D\D\\K\OA՟Py\Z`!\TY4\04/sI>ʛ\\\\=\n*ԧ\tz\ߖVF=V\xCo\ijdˊ	i^~8dE\\\\\'z\&\'z&r(Iݣ5<\{l\@I<ѧy~)0bQ\\M\ \õs\aBx+Px\*JI|\\\'s̳\nChBm\I;w`\ੇ87\\n׫\D\Ӡ\0&\nF)*\Ku\6u8I\XR<ї#y\"c	h^0#zR!EB9xĤ>r͈Ar>\Ϸ\tlvcq\R!Q0V䓤X熏\k`\Z.\?/(y%\	\@\d!\hjIp|\Z[ՂB.ޖ\)ϲ1е\78 q\84+g\n3T\%hF~\b<u>W\wH\R\P)\H(\&\\H)O&f0\-T\\01\nq\|\\:\I\$WΦ\\L>\fN\G;B\C\uG\]NԪ:\n\t\z![hug&(\\\%j\\N7\\\r2\99TU\"\\<(Ο\G\@X7ɫ\Ǟ-\	Q]vgW\}Hv2\\ȸ2\\\ᱯ	|o\agI\\rBPyJ0_ӱW_\0@&\fd;		\T\\\\nx04O5\r\Mٛ\rh\v\@w	q*Ouj\K\\\\\UHdI4.!C\mw\0sCҚ.=t@s*:z]\Zb\^\\\\e/	J\M(<[\\v3^q+e\+Tw{[3iG\d+kX_\')\Ȱ3\ p\q,}&BGV𫺝qZ\\E>v\q\UjK*6mBvp\\+\\S`&\\~fu\\*\ab-\^ёKdIz{\'yI_\/Oh\x\ǸEЙAK8p?/N\\\(\\Z_>\sEp\\1\\Z}Ma\D\GҖĩ4I\mb]\#0\\f$eY\"JN\W|\mDb}6\:3oe]\\lL|\\\\YcZr\\"\@\Z]g\ew\O[\'-b\wϣXxV4fQM\\\\D?c7\æ 7tcw\pW\\r8\\ĉ9z\ܛ\dۖ{M\(<\n\0\nT<#.qyӧ\1&Y|\raP\0\پ*Rd)\0լԵ_⹤Q\\3\nk\Z\gIB\jV$\ʰ\7\'DG2\\Nc\DwK\{\Oҹ\Vʹ\\P[8c\JT\'\\SI\a132Py\@R\Т\\\\f7\V\\\\2sikU\ZËY\\]\1\"Kdnwo\@\s$\+aJ\\M\@\?M\m\Zl\r\_69<\a»:p\R ִ\0\eFg֕i|#Q\E)!,R,C!&YJ\\\1E\g\\iX^wKv\8\\gd7\+_nz\ݯk\s\+l\;:`Oy\0\+f{\\!^\?\fu\D]fMJPa\R~Ѻ\\\\g]1RYӥOKp\? Uؕ6\,j\d1J?\Z,&Vwy|,G;1&>VS\%HH\\Ơ\f\rzҥgF/\0:+CӍ_74[UI~f\\I\SC8\BX{\;\=񮘄=}\!-pkTϦnM9!\"^	\ըJz\!۲\vKae\*7\\\'\\Z?\MyO\r>bg(]WXn=CG5\M\\Z-]V\o\\\td\\0\\\0<^HB0\ܠޡ\\1\e^\u?~ÜCBi/\L\۵B@\Pka\\\{\\'VH\Zȹ\AK \rQc\*\\V\\-\\_h\%\"9\>L\	\5`\Ȉ\:\M\?@P(/+SJݓ\cp~u\\\\<\|\0(\rl7\\S-7܅\g\V^xl\\$\y\ \d\;!g\_ٚߖ}\\)_y5<a	\f\Z\a+iL\\\\\\\"\\TV\\N\,:G\?\00*&e&\-\혬\&ι\\^Eo\\\0\\n\\/>kC|3\rC _\-(t\qj\X0>\	=K\ooNr;Y\B	\p%ql\t&\V1wl!K\ @+\\{{\\\sO:^4\\F\KO\\O\X;^\+\\n9\slTܰ蓉\\@j]\\6u/\\]H\\$,7.	\K[\BY\\E͢\\\]\\bp!3R\#\K5\jȢ)K#ڶq<c\"Ud]:\I\֒\Z@\\Av	\QPa+LC\Z!ueK\\n9e\\\\,UN{6Sl\'\(ܢ\m\M6#/\n\аtoOpD斸9BFO]~֢.A\r+\EmnT\b 4c\$<No¶<G\#\\`qwS\{x\?f&\\\7\n}D֬ۦ?\t\\	49[[߆Y];S_Eۙ\\߀:dH\a\-kHI\nAWuX\~Ra^\\;$\s/%\->61& ^&_\{~C\IE4\.\M)[Ǘ&\\0ɠ0\t{[8\R@f\\a\ze)v\&	#-3CE\Z\r\\*	tY\q8%d2\Z\'>[\K,?8\G-}\\hR1n\\\\@(lw&|-hg\p~B@U^tTkE\\\`aJ0V.\4yRT0ސ\BDGs\G\"@\JꙒ\Z\Z Irx?H\\/5;D&aъK\S\A\M不vA`j\\9P*\ѥ\\\*R\uKGiK\\\	m\\\LS\\%\f\&pC\t1\R	\⮑\\\\ u4?rYn\\A\EH\\\"\7\G\z\r,y\˨%[^\\b\X\Gs \\zal\D!\\JuRY\r\ꑪ#S\d\\\N\%թ;O\n-t!Z$\x\0$\\oR\ɟ@lj\r6:K9	K\\E	s`|ho4:Va\rG`\)My\#IVJ͎4\S\K\\\\B\_-\0\^N\\\wN\|ڠ֔u :slvVU\Nh#7Q,<D]\\hK	N55*ܧԃf[R\P/YqM\\\.yG)b\\;/\=#*}a	d(-{{RMvYt\\w\(\\c2_+/;%0\6z!m\\2|Փ\jSϭ\Rϔt\x\s3AX\Qa\\015\\k\T\^HP!\\V)$\-\k\'Q\zڪ\z\\\iPl\\\z\yPS#ė\@\)\r\i\v\Q\\d	K*\FH¹Ue\XO)M)\O\\\銚\'td\(j_0ڗ7\ԍ\;jcIZ]IM\\\\\HEʱ\\]bM\6\\U\[\$A`\'\,\ϲ\3\ᦇߥ3\MH`ۧ\I\rN@_k-:b\\ڇΦhEcG]Ǎ\kgܤ|f5\\\	\n.Ow-5=ģ!A\\}Wg*\r\E\Z\r3,\0]\^\\nȤ;閼-<\\\n-s-\0U2\Ez1\\\\"ޕNP\\\-{\"%v%0\'\"\\z\0\>yn\\x޴cV2W~\[\j-`\ 8L\z\\p;䲻8M\r\\adv\Cig7>1\=nF\\\[Q&0\\=E9\\H,\g\-6\ND^ \\\Rׄi=R8\\\GgcP\n\éa;R\a66:3@s\]o2\|ȅ]KєZ\\r{C\g<\.\/Ǫc\aAл>@\{ܽdLr&\y3+\*k\2#Z+\`\âLI\B\2\"%\qKjs8oVRXVm\e.\nG\ars{G\\4׸0H\F\S`UXg\\ǩsLXb\\2^{\w\Yy\z\n`\"ȧ\XN\*+\zfv~ϋ#R\	U\*y&\\ZG\n\Z.,rT\r؃kbtӦ4VI6*<D0\\\3\m+l4Hd=\\>\ITO\\䲎Y\\aSJ~xZ\\L[z4Q\'ŋsy$u48\<\0I\B	FrE$[I.R\])I\[>\h\Z$ݲ%$a<\V\\?Q!5M+\\0$:z\urQ\U\ӂ(Y&q> {\0>\Z\\\]u\ˌ\ҭ\nc|/<=s2Q-yԃm\'\'uBd!\%&\sg\5b9\|$\Lʿ\I!4*\}\/\\uHÌ`\wjI&\b\\\\\}J߷\tTB\\\|M\^\&=We\\Zł:Dc65\f\r4\0XH8֡8rΌ*\\ZB\\L\\nY\ZB\Z	\Cs \\lSz;a2\n 	F	mBѧ!\ٙ2N\L\V=(\bB\VRy\yV%rr&\]\R\,\#.\\\ƪw2\\*\5\[(\,Avkn?/d\FSRe7Bsa|Pslq	U쨰\eE\M	Ԉ>LLX\k\Y?׺=sf\F\\H?\\%ܱV[c5\u\rE\W#\ٔd_\%At\|PRV\mJ\jۍ*7C=\V)A\~`\ЏsӤ8!r뜢\\p	\0Gu\eNKn#P(bJ\WO<<\\-\O\ eP\}ە\)g8&ބkU\ڳ\_6Fs=vmg\_OB#g\\n\\naծvo=\\/+j\WsUli)H\jOٚ\\4)8HU6}|7\\'\V\\({6	\_JچM\\pS\M~\tԦ;M^F\0\}\nOJ\\E{\,+9KL\TiQx\`c\U:\E\\S\n\\\,ݲ(sZ\LȲBpq\\^I*\G|&YT\\13[f״N\@\"j8\\\\O]/5\-d[\NL\3ㅷ\f;*>(k	6,\\\|U\\8΄b<\@\x{o!.\/~\Y\p\6B\'\\I\"ʹ\Z=9^g\H\Sm\\Ɩ.ؼ/\ZGe\\9\\e\)\~oYmq)\/l7ߒ<pP\'\Kj1*5e3+{*lk\0M@0\'?1\W,%\ot<\nx\u;(\@v;}=\\f\y\ZUӪ|.\hJz`\P\[Ͼ\\?\̰=xИ7)=Ed`m\Ѩc\yˑ\ 8$3/^-pz\\5mĮ{\INй\=\-\фMX%sZ\B\\k1܎3ZOg=\R\ED\6S\ޖjDGMR̺W\r,\ @YQ)\u\>k(ms\;p\\糝iR\KNkm1-e)7\\rGg\56x\~\e:门ueƼ\\\\$# \'tI>9\fbv}^K\n\\Z{9#\H\Z<iL\\\Z#dMIbZ\\\\ӥkW\(\-v\\TL^r\>^`4诊#-\ŉ\_pjGmI\}A,GTn!/\QN9\rY~+\rs]zdK>\!V)vҔP)0\AyPP9SE}j_|A\Zf<\\\L\\\\'0֠z\"U\\\. t\\\W!ƢWiB\*Fiҭj\\: Z\\*oO\0	_N0p[\,/M\r\\8]{c*!ͻ\\\يI-\\'\KY\4[ʖ\F\\a/\\h\"\j߽KSVC1	\n\'<&9\W\Zz\EL<Ql&S\rPNʎ^Xڱއ\\\[^\+&^\Qx\\f\I\\rDLkg{\_ѩ>\iz\[l+g)\\&Iy̨u\kPZorD,\W\t6\\DN=\b5-\C!,2px\`쩁^\"*XFG{_\c\[)\Z\:\=S\w89tH#D+v\Y08w\/?R\'Q\z@`qhvxq&\WÁ\'FS\\}\r~؅Hsv\oo1\k\\\=nD\\.S\n\\\^\rAS7*aclu\4l?f8\n\B$i\`2GwSscp\Z,ʴ-r;YbuT0W؍\r-\n9lܓ+z%|e۽\\%\k\].\΍\sV\iu}OLju3Ol<\ߦ\2<)\!F\&n+>>\\\\?aa<\"@Wp\\\n\v~5d!?Ѥhܲ\\\\\\\\*\izZ厙\s\</\\\\\7o\\H-N\?\\ow\\\5pnF\_&5v0\{lI\$Rۧefv޶\\n\oH6y\	%<ILf7.k\)Xw\\h\C\\\'4Z\;\J\ML\e1\\\R#\\\cƏY@M^\d\\N8\L\ۂ\H,\R&\#\r6_ |gj\\\t\\g\KRe-U\s\N\r\\5\i`l9\Ry\P\-\Zw\,)\\\FM-)P\r!3\\\\\KEA@H\p\`5#xؤ@-,В/v\Z1EqXm5L\QN#\F(1H;,_\\4`VZ*\5R\\t\|\\p)f \<˭b\0\aJˈ䦾~rqS\\O\\nhe:\8PY\OVcTv# x^*f&[پ{\\$R\nz\\yx1dj/+\\Ž\y3ش}U.\~nj\tߝ5kf\3a~\_^\?c\H2yKŗ\#|\/8y	+\"\Zǟy=e\1d(p\UQ\Xh$n^ڎ)\\0\\\?~v\Ekg$\up\Gw\'\\\ЊmXG8X\0>!r\\jDU\\pHlfT\"^ j\:K\Vsf=8\\amaXB5	V>\\]ngghX{Y\2SAB5\\\U.,\\&\nY3h\\î\\"\Ǽ/\ZS6g\\r\+ZtV\ؓp\k=|\˲.ħ#\ʾvP5|wqo\Kҷ<nG\\r\ôL\4.m\+\'\\G\3\0+o\صVT	~;M$H\\Z\24T*s7WЛ\))w|\E>b\\|9\nw\Qu\\\NEy|\|?!:\gFe%7ѻV\\\\0\Yb\\"ܹr\W~E\\'kJa\r_(b\t0ٺ\C׺g\\\C`o\\\\	,\'̴N:M\E\\\t\j\(5\n\\0v\쁔6\c*\\nd\>=>\>ѢX[3ggrh0\PW\H\rFt\സ5\5K;Q蠖z$x;\2\#{dԖD\\4\1\í\ᡁ|MLFئ\l#{%]F<\n@SX5;\'=N\#^8`*\XX\m\\y\Ga\\z\S\\f6\&eM~#)G\*[4n(\"\\'$\BL\\7JC\BH\\?\<`P9)jڸ[\[$!<PP\փ\13\[\\\\|T\6)dr֧ZK`Xm[\5Yx~pdo\R\-$D<\\\B#U麐nː ǫX\ѓ\V\0\\$\\XHvv2\eC\\:`\@VjݭP\\\0eF\\z7g\:1+\haK)f:\l\\eC\j\:Y3i\&L944\PoZEzLR51\\\f\0\02\\\o4:\*\\3:\\}S2cNh(6D@\m\3\FpK9@\VHûZ\Y\"عɴk\0\\K\b$f\\\\\q#G2\\,\n;u7\gGc\-/\f`\c\\~s\LM?5^\\E\4:<&\\|/>\0X\\{X\\`\n^[6w2#kgǱ\\2̇B\H\\H\#\'U.lM~ꏮv_	\ K8K^BIWЌ\p8hw)!rJH)\Qu01։Ch\\[:@noj\\\~ʝ\ջq碡gǕn\ &\ls6\u\\ǿZdo6}e*}N\i`8\a\n\@ݽ[\g\n\>	\\$p\yJ>f%v>Q]v!9ܬ`ޣ	u\\0D0n\b\ZޓC\":\Z\-\\\\ ķҞ;`\O4U\*>\RiUaR\\+^*\Z\=/6FOvXz!\nI\X*l6\'ytZ\A\F\\L\Z\n0Zxq\0\\\"wܽm\\\o4^\\_(S\i\\\\5I\\\\uix{\\aE/7#\\'\\D\@!\p5\\R9S:<Ka#\IĎ8\lFFw/^V\05\\}RC)\vK,өZ;1\7)\M\q BZ|`\W\\j>\ \\\F\\(C6@\"uTq\\Š\+\\rZE7|\T\pcf[\\B\켶Hn1\oPh)\W\\\P\T&D\Ew\r(\̖\0\9+9$\n246^\W\.n\0$+(%|\o\\\\'\\0%\/\/v\4	1$l֗\P\`ߘ*Mp\zt\íoZA\\\ɘr!]cOQE6))\[Cy*QJWC\\/Oc҆\\)^v\\Z\2ʶ5{\s韕s\\R\\\\\	H\n\\\\*ѥ \LEЁ/YKIC\\.\"\Ʉ\\\=tpw\"\#~\^ɡ\"\x\\\\O!|Ok^\c\8{hS!=\k\g\\Sai\\\UA\0\r\ZmҭC3\+:Z\DMˬ\8E(\SL!\ߵ7DGA4\nv\}!\\\|1N\aA/3OF5NMK@_\\\\Fvۙ\3CȘh\@\	XB$E\IńEv\\^c8u2%sKW`Vq\\"f	\K6ht?BM3A]#d\ϳ\\BE\߳UB\҅];\\@]X\u\˹|\Qa1Ң\\x@?\v=|Dû!#\H\l.:\qd]d\pC{\\ZY^\״\`;˜X\V {M\@;\/\'zӭ[J\P\w$\\\+/\\\Y\NVkO\j\00WkXB\̘\߽dm\nӥ$.}\zt\K6Ucn% M^/\GaY\Z0\Vc6D\?R5@)Ц_\\\UP\5$p,퀙\5\\\'\a\L{\0\0Td\\F(m\*Eh.c2V+\@5-\BJ]mSЇ`$\ x?_)<U\0\HTk)\\\x\\h`g\n[*ʘ\\n6tL\t\n\&n\'~ŗu_`dlз\Z\Z0/Q\'\ٓIRi\xHYJ\uܹ.S\<\~enx}Rݯl\\;-\ZW\#;3\ry\\0*\'\\r~сORWZrP\Xs\Z$v~E\nij>o\:D\0vs\\=ϹAxމ\\\nF\|Ku\bS h\"ḱ\QF2G=$uWj\\\r\򅃘ۧ1k%ܰE3Q\\\S襲T\I\{h\J\ l&I7\\\x偹8\\Y\}I\|\n|M{\	A*\+O(CU\9\"\<_\Id%եG\=\\1k\/\'W9\G\0\G1~\\\!\S#QI|\\\\bfV\iIWH\Z./\yR\rw:2qƍ(\r\\v/\(\1āBsٴoՊ\\\КܼvS7\g\\]M\h\x0\.	A`6\YٖBI\\ am\P\Y\\\\r\\D{XGK%מ\^݀X!o(\r{˅.*O\Z\	Qxlϯ	l=]\0\I\Zר\\՜`E}w\k\Ǆ\S\ɂ\\vƯ`C\\\9%gHA\wkv\eVRܽ|*.*P}@d\Vd\\Q\r\ /`Z\\Z`\\ȸ\r\$o\*\\G՞У\b>?>\\n\x9z\"ٍX\Zq)\ru}\d\Ώ/5OY\<\0_\n;.߆Kt} +Grj&\r;}]\\\Sۆ/lʘR&_ᶦ\NE؏MyB:}\DZ֍Q\X}=Po2f;>\_\<\^i/\]\QL\\\~Q\,niO0yq8l\.um\»u\\\n\\5A\\n<&\\\Q*ܸZU!(k\\\`Q*%1\\I\[^\0k\(\\|8g&6j\vI{s\!K\7(\D]\W\,s\0[&&^@C\dj&ddL)c0)\\\F%ݗ-4FNjZ)\D\\\2\'\4\\EԁSҤK\Ls}\r\\`\>6\q\+\'yզ\3\7\*\\r\&\\@W\Ӷ\wӴ\F;4.\\ l}Օ\g\q\`<\esaJW\\b\I\K^%R HFsZE\\\YIa7#E\&hYMu6#\\\2!X\\\'\ײjbM\|#<\#l[\~ib\Z~Ho\Z4\a\\r$\u_t\\>I@\g>z=J,w\9173bqan*e#ia׉F\0M<3ԀpD\s2qp\\t92yCcc@C:1/@z5ly\^\I*\̪\'\iGpoS\\VA|׭\U}GA\S$̋\0\tx\$je0\]+2ɽH\@xU.\\Zڭp\4\'\\0\&NI6*ǟAMJM\R\ 8\\>\҄JI}NX䤬d\M9\\S-|w&L9:/f&C!m\RPב`\DYuĮ\f@C:S\n\~\<Xlq\n٧Yz\Ը\tÄ\6\\\\\\\\\Ȳ\r\\B5\\\\\} rzZp\|ḛ\r\ODI~	,Ȼ\qxe\U\\Zn}\l\d\ak\b\gw0\\H(+CGbU\b\w׀\~N\ZŊn\J24\\߇r\v\U\};\\>	ʒ\5A\Z\_A+Bz\x9BTw?\":_+\\̑7()\ZK	\Da\~\2\cM	w+~7\X^c:â>d:p[\\0T7-\8\úk,_gΧձť\r\0\a$b\\\\%\n08^?CH8>>\0\\W?>#rScz@\k!\(M}0Φ8PJoM֚؃4p08qH\T \M.ߔhbC\t\\L,k\kϣr$6=*I.}D\gk\\>\VXZ\\B\\V_L5=\fW17Iit$>{A	D@\m x)ŷR%)}xW[\\\\\0\4\Gᵴ/Nz%\\s|3?ί\nm\?\i}v\K=t\\(Z\\9l>5Q\\\0\ߘK@n֪O\\2̃B)=l\Cڮ}3gң\\L\\0X\\\}{fr\,Ǚk=AOq\>] \X+#\)L`u.6]\r\Ta3\0J\\'\\yx\<S\u!\K+h(+pG\;h\O3e\\h!fSiSҽGn`8^oR\E<ht\F\0\70JS\nBv\\$\\BIq\W!ٯ\\w:-\D\˧0\rR9W\\\G牧U5\"\i^0PHqw*N!\KJhP\ p.*\raM\}Sw\4\\0\Z&(.ݡa\Z!RNP\n\.\\\\T\\n2\о\0#[\u\\\'\}fҚS\=\`WB\\Y	Gp=\3fn3x\"N@!+R`\00XI\t0J\"l#;\%w6V !NN<0RsH@k\\;``i41\"\>dƮh܃`\\}$:x\\ZPRKQ\I\6\9dV\0b.y\\\\xc=9b&\n+uQaI\}̶\0Lh\/a L\=iE0we#Ihl\\ny·8\"\\\O\\\râP5=\`\`A6BHd\\Z\\1 <̨Ê\3y\K#k\\"k\S;C\ĸT\GAMٱ\0?-h\.FΔ	z$\Z\\\\H\|\\g\\\zG&\0\QZB_xBC-Xd>	\\\㎆\\D{pM0sԨ\ Ph$R]/\}:\\~MfF*\Z\1wU\9wA\Ov8e\01k l|\]\\n1X%\NX%r\\\\ҷ0\@#5cf\5)\B{xD\\\[G}\"\\_.\0\\Zo\/i\CH\\ى !!\y\'z\0I\"\T+-JEEkܸb\s\/\\0\e\Qg1}b\f\7\>-\<G%^YV\\H\IcP\Z\r^F8rM	s\\\V<棆F\\~\pLJ\Z\WQE\	ю\,\|Ҽ-Э}1\a\֡\|%ؼ:*\0\0;3mD\\Z\y׻ǹ>\\3dMҀ\\]J	ϳ\F\.5<\uϦ\m.0l\%2\|\m-\ͧ8ɠclw\n|\\rO,\0\\Rlw\]Pc\x\\NC\<75gy\,n\`PrR:6.Lb-9h_\ҢKɱ!\B#4\\O\];z\'sx.\t#gX}C\\"H\`w3r\H\^@ٶt5օO\"\(2\P\wl\6\mm\0Gx[z+>*|rV;A\rbN\\\0xm\5@\Bau2x^\sJ$\/{Q>N\a\\WԪij;nF\nP\uZ\u\\7_C@Wky|ܲ\nK҄TS`p\03h\5!ܐ?\~\qmM\>4\ԺU\\nN_\\/\\'\q0\\!Tc\^lS\ri`K\M[c\+e|\\\_d\n.Կq\\Z\0\0','image/webp','archivo'),('fab37c9c-fa6b-4755-a41e-de9dd032820e','','application/octet-stream','archivo'),('fd1b0f28-e159-479d-bb09-30752433d304',_binary 'RIFF\M\0\0WEBPVP8 \M\0\0p*S>:I#*QP	eneÑ\\n\r̐k\an>no\_?Ԩ\\\9o|O_\wyw\o[Z@/v8D\r\ڕ?\\o\6$\\/2\r.\L`οj;d\0ބ\"[/\\dv-\̗F<v\z\\nzw\!7̧$py\x<r\x|k\ɭ=p\-x\=\\\\t\\I~f\"\)6(\1\\?lY4]\;X\4o\'n9\r\q	@Ö@0\S7\;\Z\! ^i]`Tk\n\.u\Pk5p,\1ٷ>Z(jI1$v1(8d\0\\z{h\f\@\\\Z\+6yε_fz{P\\\f:\\e\ZvCus\Z\\5+\\\\:!qz\L\n\\0\ߓٮߕ\HG\n=%mǀY\Yns0\Z6\\\\iR\-p~e\\z\n!u\i\nut!\dY;F\oLVq\\0\C\fHh\\l-\"`\\\n\.jI]qI+tզ=c\C%\=1x\^lX)\8Sd1a\=e\b\>0$O\9~ΌӜ\\"*\H\\0\"^:\ΉL\XTT\\\=x\\\\+/\YoiKپ\!onm]8(ox_Mg\\[yg\^3iӏ9M\+s,#\x%\CǓk--\\+\b|fƟ=u\ڣԟxc\&M\\\\\l\\uu`>kpX4\5/\\=A&KH!\<\l[X%\e\\	&siK\\1o#\\\KVV\mBGJs\CZф8jrQ@\T\\,P*5\]%&޸P<X$M5\\.:G\N\z\NWᷢ\C\\),Fѩ@NwR\_g;5\\1\Z@>e\<F,Oӎ\.\{A	Z鎲D\VzD\EF#}\o\ؔY\QY\\Q!3ǍL\#ɢ\\+ae}v\k\I\D\\Υm-\\b\.E+P\X\S\g\\Thop\\Z	L\@\cv@\5d\\:W\[\\\u\V\MZ[f#T~ˠ=L\\^gE\0^8cth#U\iϯU\*H\Cuu.ڌ>pߨA\j\\T\\\\}>\}w$ƾk(up\_&\Z@P\G\T%>g\\\\9>5\!Fbz\\গ\%}Ew\/\wz0m	ƹN\(JҜ\.%\\\\7\"͹f\\rs<O\\@^s\?CI*\a}49?PH5\}\LM}/>\\\U+PYWGN\HZf/mh\t#\N}ZWS+M	^\*;N\\'&lo\\~}\dY\\%\ѮH+0\Q\\g{\`\\nRJ-\\'	yd\\P\\\\{!\3~J8:\ow\\\mWU\`&\1-`)ϛ50\3\*\0	ivpG06Eߴx;]\d@˲	\-F,n!]:fؕlp\\6\V#OxG]	b\\5F\6\$HPi\sz	ޱ\"\lޙ\\\*V>>2W\5PQQ-\X\bOWm\\&;E돶\CK~NN9\\zO	 2z(bs\\\o\\ko>@	\"<z\(\\9`\\._y>n\V2PӚg<5$v\z=et]]PuI\6_6v\*\ͫDs\5}\Rr\/\Zʵ\1Aw\\7\qV\\Irզc\_O\h\%! x\\YF\*\`^\"oU+g\\\{\SVq\b`9)1zZDoJ\\6wU^[g\\\/\0E+B\-z\\Q\\\z\T\\C쮍\r\2#Y\n5+\\Ovq;g]Rxzp8\ūb\K	\\!\\ZgS\\*\5~\Tus*B^@pjIl\&\\9ʒ?\E\\\\??\7/@!zu璥K\\yw\W8zj\1j\K\\1\.I\3`qe<4\r.8U!Ԅ\J9\\m{a\Y\ӣsP\#\0\|Kh\\h\ڂ(\r \u\\\\\\Q\\3-\p@X*xa>oMMPg\6B\I$ѩ\Չ9{}\\\0^\ 9R\nl\?\@XdPc(YB\Z?\o\\\_\y[iEρGq/38`1\\\*\\A\ʖf\sDycX\,\/3V)\\\FU\"/\\n_4mG\n\q\0^U11Ϥn0 \\\\ݰ:\\9\m|;\|\-\I=t\o\#\\"\vl-zd>v4Bl\\\h)\u\-K\0&Jq\\\\\\ޯ~\l~+m\x8WPڣ\]ݜ\\8uy\\<\+<~\%6\Q;\\\ܯƍR\wה\h\ew9(\n%]\?\Kq\l쌗\n\j\Z\\\\B\\Ņ1_qk\/~\Vi\\xKW\z3ksNe\r\\a{JN\B*qrC\s?\\\#4`	閦(ᢸ~=\\ec\\"I8s=_>}2mm\N\8[&\\\!*\N>WН_\ش8~\\wDU\"\ܸų\\O>|\WZJ\\J1d\)?X\s=29eL\\IW\\\U\Z>ֳTW\?Pˆp\\=*ɷ\\Jv?\\s7\r\ndU\\V:Be\U6qu\\(:g$\ӵܬ9!-\I\%\"|\'\!\\\Ŵ\"EX\\v\vr7lj]W\"_\\r\V\nq\0)Wˁ\Ki\"A2\=\\\ld\F\\\KaY\\d\{QÚd&Ur\	~\{Q\osdW`XJR\zΙe\\r.\n3?|5]S\0\0\x8jo`|eh0\zzmH\"fMԸj1ÚH8\'Ω\'\t2d\C1\ø>wPScPуڿZCdG\CR\\K\\*嗆|\\\\m\w\\\l\\>\:\\\\A>9\灒qG 볚3D=I9~\^eQ\Yi:v\n\z#E\VͮXG&0cW\'\r\w\ZNрYQ\×s@\\\->U|.<./\eOn!\\sp6Vx:JY\,ڇJmĸ\`_\o\\[\-$=:AoO\0%\#& R\^\i{k:\\ǓXLHpK8\0՜\o\Bp\a\FvV4޷(\ɖ$,(\ډ֮f\r\Zؑ}[\{\x\ky\\Be<	H	Z\nq};khpzͷʂ\2x0Ӫ\b\\3\'\\\WxjMpL\\	ٮ\\\cԟ<\\\Ҧl\*\\kI-1M\Ue35Th\\\O\Q\hɱlG\Q\n\'Q#nwDq*(\\\gWdq+Cݕ[\7\1A/Z@	\EM4\\%o)5B7\\0.]\\[-Ibo!\1kW\?Z1\d(+\U\I?\\WXG%3\r{:F:\\XR&}GD\0*\\ ^\܆\\\\\0 =]K-~?as\0\l\ \m\n0SG\qiT.rbp´	gO\&->\#j=U\\nF8Ziܯ?acjh%.\\K\0.)/B\g\\Q\q\/b[ty1\ҝMg)D\\֓\m\'X\\	\ټ9 #r+#q%\'\\(>pm\I\\r\:<1\\f\\q`\\\z\Fw\ZV`_de\5FMl\8{\\ݸP\"dܐضu̮f_\WT4\\"F\*T\+\]떾\E2oR-\2t\\u<\E\reO]c_\\\\[*i\rLs$i,V\wy\9Ɖ7\\#xnme\D\\sJ\Ln.\^\\C>E]\c#)9(\uI>\\\4\guG|_|\AˠJ}c\Y\A\& \\\9\\c\/\ޜI(\e\#\u+ \n,ϫY_%]iIt!1\\醃\]v[\߸$v>\D\ݱ$%\"\"Ruzwv\`y\&X}fgDoDجpEOچx\\v\+σ\\'8\\\@\o\\CIG\&\-Ƨ\w=\YϬl~\\\"Avǡ\"尿ĩIB;tT\\\<}hU\\J\\\#nV;\r6\Z\ҔA\&1\w&yH:+u.OPLjd\\筿\­{#\n\"I\\\0K\Pi\\E	\Z9\\DnP`)hYbg	g\{{ħ\\b\im\_s\\r\o\Q\&܉5G[<\6:\>v>(/]?\m\3e{\\\bfa\:|O\5\\[[u\0K]Hx=\o|\\6jI\m\\z撛}\r\\򱗲\FCzY\fN\?|+\s\\\\Jw;\V^T\ i10i\\\'wѥ!4\bI.&CU?hq<f\S=o\T\U|B\(\\Wln\\>bd6\$$lVw\"@\'YEQ\\\{*PL3kc\[Ap<O}\nh\Uۇ=BΊ\J`\rW?\\(7//M7s\;\ߞt{\dԱ#\Z\_\С1 W)\\(E\ت\\̉|Kr\\\5\ZV]84h8D!.fհbgkF\lE\\kGNod\ώU\\r	\\(o@ʹIz\\s==ҽ\+S%C ohO\б\\\m>H.nդ/yRSfu\\0L-\Y$[[n8N{\}}\\j1ưAi{B\%SыCF\iv\\\0N[R\Z7\"\)Y-=<XfX>\i<q0\+!O6/\\G^2g&U#̠n#\{mo뗁\AV^\vB~tMBX\!\v2Z\il5S>\IH#\HӅ\"~jA\f\\\QO_,1ը]\Z\3[z:{\j~5\E~\\36\\\\\Z0Z\^2\\3o?к]ۓQ2Oy⸪i\DH\\8O-7|,<\zU\U}`\MXr\\0FZ\\ٻ2XEZahk\jS\r\_9Lkt\9hTRQχ\0\z\\rF1J\<{#\Ge) +M\"5\G\2Eg.Rrz\N\SMG1\p`\\w\tǻ᫞\m\Eg,k\65<[\\M\Q?\/LX SQǑ\|_\\;ɖH3\0)g{^ט/\\O\|aut\q\\No]\\ֹ1;q\\\"\š@搣VLFE\{\Z1\\\\>{d1D\s\\Z9\Tݖ\2է1u!p\5\V]6Q\\tlN_F>\v\'~A~$N\"݇U˥1bMsLW\0s?\w\0Ӿ`\Ǩϡ\u?\trÜpz8}[\`j6j`zq\Y\\'3\\\l6VK\/\j\\JV\\\zWp4?\en\ozH\z-0$\l.\b:[mW$cya!psQ\\\`f\16\\.5v@Ma\"w-\Tf韄愝(|p\\O\Y\L\\\kEgIjqj|BA#\Y+.<\IRXp5ݢ\1)#fpGfx\I\\O#\0Z\\y\YH#&pymr\r\_*_5\\\3{\LЪ\n6lY\vPO\ \\!\AF]IB^?\"}\q~\\0/q\Έ`mS@\YO\Gg\^S\~:\yir\\\\3#\\0\Sо\OY:F@$w7B\HA<\)Ca\u>pNOXmE[\=6z~\۷\\n\}Ѵ&ѻv\ mB\	ʉ\MI\eV=|\wksd\\ZP\\\\KE\(\<\\0\x\\ۇk\LA\\O%&Y\n]~^ݲG\G\O**EkIQ1\\0!\n/耏3;;\nv\"\㴻&\ZSW;k_\\ؤ}}>VX~\̋)DY\Z.\U\-P\\۽צ\b\nL. \"抭\\F\\ʶ\.\\\41R\\MU!֯\vdû\W_#M\		:n\kS[\so\\'{<aJO1q\\/5\\>\f\\{\\'\\\Er\>X\\\)3{w\4\RdlY\\D);Kf\ahӒ\\!\C)֍w\rKF?q\F7\\R#ij0\r\(Iq\ԡ\"\tW\\\t>RSr\o\cJmּ֥gE\\Ͱq^4\\EAx:c.c\瓩e\P\QDݗ\04\\	\߉xε\҃\ZS\Dp\4H\\sSqڇv\Ք\liIbOK?\\|:\SW\$\\kad\;#y\:ܷ;k\r#\N\@m\|R}oL\\\\V\`F2Tv\X\w\\s _F\|Z\Y\=Xj\/q^\hO\]\XF\r\J\\a&oiv\0hA?5%+\Pǽ)g;\0\\\\au\E{Hƨ$$\;\\"d\qX)\r+\`\$N̀*\'֠\\h}\zS\ފY>2L\rf\o\~K?\dk4jԟ*\YIއ\>vv}Q⢎S͐\p\\)u\j\i\rR[-d\\\,\P\;s,ͮ*]\(\vpoP\'\\Qv\[jbUMJ}c8w\,XW95\uo\0(\'s\kd`\\NF0esd\D\jfK	J\\%Pl<\JM\\a^68\HrR*U#}6ܑ\"7\T\\q<ˢyt\\Xvs.!\e/w\,Y	\"W\R\Z\Zi+-\+A!j\\El$ƔtІ\4#\Ak\ŇK\\j\4P\\Fa\0\\[Ư2\|\G7zha{\JC}A.\Z֗muTZ\\\Z\xzOBUƏ\zw*蓪\ɾ\;К\\\\g\H\Qz}\|B#,\8QMQ監6Vm\\%7׼&\]3/pކc7\\FƢ\\pweߙ\\r\T\C\Z)\5K\J`y\\!/\qԹ\\\\/5h:+!\e\\\\nÁ\.p\nj\ϋNxگۥUI\1x	Цbщ\كġ\бB03g\0&\@aBNF\c0?l2\\ٵ;\\gz7Qx\\8X~.p6_HeRgX\nȱƦbI3nE0CZ\\r++\r\Y0Xx<Y\l\\Zv\0\\n\0\\nQ\|ogKv\\`\Em$Oσ\ÃfO/\md?\I~	eCt9\\$i\\f%\lrZ:V\0q\\`#sM&k\\"e.B\N\jk޲lu7R\(n!4\oqNl\ȏ	Aގ .D\0}BYMݠR/@gՐ\ͦDky<Q>1B\0\u\x^\'տ6*\#ݶ<\6b*HJ\r>i]f!\\|s>w\\D|\\bd%dG1\^\'ۤ\"~텢\rӽ7I\M\ϑD\Z>\\W	n\.:ɱXH\3\\4\Qʑ\[,|0NZi\H +BYEV4vUpZq?qm\\\EZ9\\h9E\lZP8\nauh\۷\\INdhA=\0!2)[I!%XS^Mj\\r,^M\	sۇ&?\n!\I\	//J$ݧtG\+*8=ţ>yJM8\\!Xo\)\6\38FD\9\\}	6O/PT|v\IU\>Y䷼;\\!Ѹ21\\a\\0\Ǡ\;݌fJ\!\Kx\\\1$:{BbؠE\\R\h\\x\LPƖM\f\\7w=V\XC\ًjgN+f\Cԭ\ћj\duNM\`BǟYg4\LwKb\\W:yH\"r\\I\WUZ=DBt_1jw\>Nbb}K!d\Ss\\B$Q_؎{#\n\x\"/}\r+hCW\\\y9=޹\Z\̃bm\\\\Ӆ\,\餾bʆ\v(S\\y[\\Q*gU\^D\\;BX\	_\	Ih_.A{oB\0-\\^\\xw`C>?:&L\\z\'i\s-B$\n\0*;\0\\#gFU#\\\ \nb\9ζ5\-\BPۣ$Y蠪-X\\f\\\\YT\&G?v@\\ߢچ\\是\&xz\\\e\ooA\16-	ȾH3\0Еo\*\P\Z`t!\܅ڑ;[O\rxUqrT?\F\\%\\g>\pR\\eQN\'[k`\l3ć\\ZV\q8\\>wvcp\gm\'Ĉ_幻+\Z V0\>Y>ʠ\+k\\ \§7\`zu /\GD8\B[Qn\O\\`ȑ{\X/ͼ}\\\/q?n{T\'e-7Cdh\ZuބTX)\D\[<\\\\pF\\nF\\CEqAQ\XtA0!ԕNS\b\'!mn=\\\\"\\\\)3ҤvMv?M9/\[iCc+V\\'6\ԋkf\\\r@]뫋\'ZIq\04modh5\\\{\\\](\\$t\\0qӾ&\\4^-u>\B--Em\n**h\"T5,CJg~\Ek\wl\ni_\\\U\\Z{\d\?y\Qe7\?י\@0`/\\4*\\s2\\tZ$rrא^0UBPi\!S*\B\W\\\3H\\ؘagױ	jHu\\Ш8]A\axݬ6Z\޺\\CH&٩n~=v&kngy\\r@Gd\\\n$6\w\\L+\\\,\r\\\\Tk\H)V\Dd	rP\\-#[עP\\49ɰ]\r\Z#2L\\lޣ\vKOXJJ8̸ѿ\n7Y]A\'$Ar\M\{\s9\\Z\\?b\sG\!a\"dMo5	Y\cR\\j}Un\\ \]dYԜq5\y[W\?\0\8Y\	\0<u\0Y.5\\\\\d\ӅE|j\: e\),P#\:ѳ˄nO\\Zڣ\\\\/\0o/\VՈ\&%\e$\\\N\2*\\bGN\\E!pi2:]\\')]g޷ݠ\\\3ȌJuc\\<\Z\Z\Kա~F\.?\a`Qnk?\y3_۔؇,cNlp\4hD,;º7\\Hޛ+\\\\\rf\Ŭ\01%LOj\^2P\\}XL\桎\y\Z,+|>P\\rGpy\\\\|\aʧRN73o-$/$GdS\@9(r\{_?ekD1nx+9;\r\\n^\\5\\Z\I\\0\|	uVÅe\n=QD\\\=\\\]\rTzQ\&\;ܥ\uZ\\p(gb\,43.\;\M4\]hq\<3P>$\bFw*\a` \\og(b+ӯ\\L%\5\\\n\x~Ʌ\+\/U\ wӋ8\|Ŗ\\B\D\w(SPVV\	K\vãfą\IjX\ŕ\\\\]y\\t9+ћӧwނ\\5W(L\\\;ayT0\\[R\r]N\TWh3_Yɭ\Σئ;\Q\N:nҮ\Y>FTTc?~z9\wv\Q\(܇|]Pr\6M*\\"l$\\%\c\xptԿ\9R\\\%YG\ԑ\"~\a8\LUՋMbg~!\\	Aru*\yźV1XWu6smf\F\F͝?\M\@\_\"\đՀBA3]#@}Un3Fuj\u\*Bn\\2q{F\&4\\X\HwW\2\\h\\K\L\nvr-dT9l\\\"/)Q>v	n\ש8)\J@@#\b:/\)7\r\N(Xb\I\nƃrHמ\B@\"\\nXF!<.i}u-F\ 8\ݕ\\\j\%\\0<\ 3h5N)r{\'C\\\\n\C曆\\i\0\' df\[\\A2\\V\4($z\+\Z<}M(k\\o5\|\,\1]8lC:BoM\\-\q\04\dY\K4\W\\\\:b\fJ\AaT\y*	,!\ܙ\ p9TkC(J#%JI\\Rj\2qju1ѧ@\\5\E\\#m#K\'\\n\;\d\\\r\^vڻ[5\ެT6\\\?\	/\\e\=qSTm\޴\\ZUE|}\"1\c-栨\\\ZuY]<*B]!\1\N0`ڽ\\\\[լ/\\1J\8lK?Q\\'B\+N\Z:\|N)嵉iS\˭\̪V\\\\/̰kgƣL\yA\"aY#FǢ죠:I\3Ӯ<&Aub\nAH\G\\Zb\h8\r%>(^\\ߘ[\\0M\\0\-Z\n)e_[͡Fu}\'\X[\t\Q-Ab)yRW\MsX\0\;\.\\QZ\Z\\>\\3iD7yL\1OI\|A|6|\\\\A5\1\\\x\d8\1\\`-\(\'\U\R`CdVɦ\\"pH%>\\><]\*v\ZgBo\{\ӛ6\,J\\n\ӏ@\?\_\\/,\\\3L̻	x\0\\ζf\\\"\)\T\\\: \Rω\Zw+` 3]wP\i5oCU`gb7\0v\T\\Ip	\/];r#<0ud\'et\\\H.Y=ק6uHCrB_ =\\yqI\͙M;\5\A2\M-.×7\\&ɅZkiO\	Q\40\p\\G\5@%:@\yw\RJl\@\n}m\\r\Z\ٺϺTmkqЅ\\[)\ݙ*\Db\*C\uQ=\^5U\~J1ˌ\ޏ%\[\M\#ݮtpJ\ttė\x\в\>Qd<r/\wOj9\T{\\FV9g]ZGȢ-WYR\"t\tqM^p(ͥ2k\6f\t\xN`2?mcT\\t\|7HԈ\F\AS\;\3+k\?\0\nX\ZndO\\\O!\\Ԯi\Zjd\2\&-LIe9$|NE8\Z),$?処ٟITC-F|\/\/[\+7o>>Rf-|mJ\\\Wc\NiO4=\r\Ap:ŬP\U)n\NKyZ\q\	#\oFzT\3^~\?\\\x1\\\\7)OȂK>S`\8ny(Gd\\ufX\_\U\Hwc\Y\l5QY pH\\\N8%b\zؿ\q\\\'_\\\\"^)+\\]sƓ}\\0ԅ4JX[,QHx+\\cu詤Dk\m\k<\7v#\\Z|Q<OR\\6t\1\ !@wXR\\+J\]\SrS{Ɣ\5\h.15JcF\\\nQU}-l\Zt\\<{w\\\^vlZ;V0H=oa\\F&$u\\(E+R~&͢Z`z\I\o5\\cU\䀯iSJ\Ժ\=kG\d	WCm\ݐb\ z\n)P;{=n.F$\S\\Ooݠ1\p&_\Ez!W\Z^*Rr\%0\"\k{\z\0D26\$t\9\G\ސ>.>P/\\+\V\%WIir*\g\G\\`+XQ[\#\\]/\Pe^\\:\1\\ϗ@|jU~|qf	:\Q\rr\d\Ҡus{އ\r\GH=$\r\6e;\'wQ\\WY\0\y(\nˤ\ZFϝ\\\\\ѣ\\1|\x\8ioVlYL:\\Vچ\=J~]%⦗oBEk\|nqi>>\W\rF\k_::\m0}>\fv0J0\\rCƞ8$$\.\엧;\\Z\5=\#\ߍJ\\Z8jl<2E\D$.kk$\\r,\uҚfЮ\{\\\r׊7\}\j-ܡ/֬Udj\Q\ӷG	\zsF\\	a#Vr%\W\\P\2Bs`\\\\dJ\ހM\\@nq*\ZHS\\\\\\E\*gpZ\<O\cI\yR\\w$e\rᗧz\n\ʶ\o@Iy\ÚMLF\>]\^͡MK\ણ5\t)	G^\rj\\գ@\%%u\UvA\W.\0e\\a:G[I?Y\P\"KfNz	9FKm`$57΅t\\Wտ\r%q<C,MvViЃ\\c\dhx+\\4l׬\"\GM\JIm_:rr;.6FHN=,z\\\\c\%_W^ܶ9˂\YÕZQ\l33s^e\u6\^\\*\\$0\;mzN`V\\\\y\\bRG+\.\@ɮGj\\w^{#nbр\\}R\\`{6\pľfe\\|-TŚ\uڈE#n{0kD!\8\\l\Eo fg6\6H!V\'\n	\\ \(\\\rN;\~^e5\;3\T_xuax\{ms\4!n\'\\\\Y\\j\`p\\|]U{צ\\\\`}Iq)J\S\T\\\\VNaV-eDW%	\&2B\R=N_\\~\\\`n8.;m\Ƹ\E$&\\\}G]$%ה]K\\!ʪutM\BY\k\'7m<tJ`ސȭ@JSK)\rѾ\;\\\!7\s,f~u0\'\g>\\/\;\fLm\K	j~.]\Z^`/\`f\q%$z	$KU.\t\'\eeI\s\&Kr?\<Y\N\Z,WM04:o}E\[*GQM\<?9c|{\jO¶\\\X|#u\\\ L\U@}\\HYrv\\;\\\\"%7z|4~H\ϻ2\<Ϥ*G7u\"W)9ĴlA#pvqJG\ҧ`d\\\>\ \0B\ g\\Zr|\3]IL\\lݸ{PǽY!dW.]\螌Chap_\w\7\\`\=0\Z\\o\ʅ\\'\\s}\y\"\\n~Ĳ=pR\2Of\\<vjY\$>VuN𢾲\9vƉ\\x\nں\'[.K=: H涖\U\ D\\nXAaC݊g鎸_許RԬ\iq\\w\(\(\ \\|fׅb\	}\\vu}\a\+ZO`՗ gٺ}wʲ\ZP&&\\ӳ\-ݛ2\ߧ3Qԫ	k~O\\Ì\\u\o\\\0-GD\Lu\Cbk5>\\FX\\\;c=xzh\np\\9osM;Z\wQ.^.>p\\JB\"*Q;:\\#$\\r\\a\#{\tw\0\˚\Pq\T\$M\%\\\gp\:c_$vR$R	z\o+HI3\M,ԹG`Eϲ ɣ\\v):z\-9Gf]\w\o\r\R,\.\@\r:?[ڣ^uҕ闛7#q\3S$\\u,\A}a\\\J:>\u0%fɕVY̄O`.Yq\#vrxr\;HYTHiq1Y\&,G\T[v\,؃Q/=f2^̳om\\@5ؼQ\*ks\\%\4\\x֒ً/\l\k\uy\n\uZ\\\7\\ \\QR\\sB1\@\D\8\=9{3\V[nl\\\p\\_\]\q\g\ֈim,\\*ofgԣ7~Wu>\x\V޵S\\w\\%O\kMe\\08!\\\\8\i\\'\^\z <gZelw[\\\86\"e\\W\W\\\=\ ř5s䲵\Z78\"\n\#OW,1B\(2\|N[gw\T8tu\\EF*\0\\ʩe\t*#Xe-\r\9G?\\ۗf]\\0gxl\'ƅ\'\FR\Nw؟يllF\P:\B}\)\\mF,\\o* ;VB\CDO\!D[OhVJS-mc#͛\D\,y+\?xCq8ӻrc!\\\Q&&i\DE̅[|\29E!5{0W\%FP_\CI;#\r\s\\ƙ\\SH\Z\ݶ+aOމ%;GT>w_zIBޑ\\ʮf>HJ\rFhc\'=AEoa{L?\a$S\ė\OJQ8\~a\vrD[j\l_\0P\\ry{\콋Ijtqg\o,<^-#j!^\\\\75\n<[\\,qd\&\n\Ƽq\ \G\\ʓpƹU\,\\Q\˻4l\\r\~\ULȴy*6nE\\k:t\Ğx\?\\>\\/V8\JRvK3<\$Bhո`,W\c!%R+A\CM\\a\re\p\mXyTv=\c\s@\\gb[\\	휚4m\\\Wn{;\V0MUa=I!w;\꘮\Ty\YR\ïT.-PFKz}~4{Cgy&;Zy\;\3C\\ۖwDt?\$Z㠛\D-\%\Am\^tɱ\\n_\X\fAh/l\\2\C\]\a \\r\n\'hK5\8nW\07\W\\"LUҽ/X\òs\\\qpS\T\J!9\ㆫD\\\rQg\sq\pF_\\\AY\u\'N/\3z\n;\0Aâ/,fE6f#xH\\g0ٝ[m?)P\\?\\n\꧕rO@w\I\v`_귏1]A\KD\\'}vOLZotHtg12\\6E\'\>\\\I:MBy\\ZШ\|Yr\S_M\(s\Ɲ(c0SW;!\8Gt\ѫ\$QѠ\sY\\\!\\rrE_X.S%L= \u;϶ւL\RnG!4`\'\n=\J\\\ǭtYjKB1(R1&!n8\\d\7\qŷX\"[\r)kM#@\,+H\\⽃}\!G{[gVk/\\'UXmiAblK\J\cgX\\\jԆ\Q\"23ܠW\\I_Ԃe\]>ou)|̦ 8|گMOP\5ΙJ^\Fs;\\'Ĵ]3,!V:D\06.)</\ٮ\U&v\-\AQٓޢfĴjzn\s\;OM,\s^vɳW\F\l\|P@\'U$=SCAYD\A\g4\h\}o[\\uǎCӋv$5+7e\\n\2\fOEH77\"\\\x?\]\T[\@%?Q1V\r\~\F\+\svV\<WNa\~Jfɡ\"uˋ)_@CFX\z:ć\4(T`\c\\\n]\\2\1N\\\E\_$rʯAg\03\\\\k2\z\lPEM$;)f\=\Zr[2[IoLJ\al[\`,\n+ /v)X\бn=t\S4~V\7GVCk\y7u>u\^xgH\S*.\\ؾǛR\ܐ+nfz̷.,\{/!L25=U*\wkx\\OFTSv\"Ź\\EA9\~;\@r}9mAcQ\R|T\\C}\)UyWIGZ\Z\[&S5\2\Z/\D✛/lpc?S\\]m\\5ﮜ\'ɃQ\kpPP=|]\|\K#V.-\\\\d\s_y؊XԆ=\r(\\u\dk\u:\r:CM\OWǔ4\\\>T\\roY\\\\Z\Z|#z\\\)iΗ\0\.)Bl=\\̃\&X\\\\SJ\:\"?ǘ\jW\W䎴E\C\n\\55kH~\\W\0r\t\~\0+\>,GUNNh\Z^\7_%8`ROC_E\\0\\r\-;y(QPж0\\"{ggG\G	d\\\WSTz!Y--\r\ZS?1*z͋8&\\\C\5w\'\{\Z]\	h~$\\\\8g\eܟ\H{`fN{Ԟqs@󩛃@)\	\23.\\\\n߼\\X#/\\C\rQix\\\0yMd\6^*}#\$Q\\̮\Z_YX\\N\'N\\1\\Z-\\\W(\Xy\.\\\\\\vK\z3ϑ\\r\6V8zȨ#{sw\M\0\8;\'Kle3R\rYe2˼M\?.oG\rò\\`5G \ZN\QA\OFѺZ/W\lͩR~g\\\YT(kOF:\B\\!Ô!\a}eJ6\0WB%\o\\\7\D7Uy1rj`251K@,{@\0#|q\rT\'\U+9-׉};\N=bd\\gmioƜ&&\UJ\x\\n!w\n,Y\cVSe:\%\vqy<\\\x<\\U\'A]JE~G\\Ru1XBUh\LT\\`&~ ћ!\\{W5 \r8y\\\_\	i[u(fG=T\\\7\Yo\H=\	K19ء\ \@Y\{\!M\Xf\Jَ\\"6ne\r\)⌀f\B\,TCF;Ribɍ\\s\<\7ZbI\ݽ\\ns\"e犴\[Y\\~ٰNx#v\¤`\@f\\\U9\\0(\0jl<dJ۠\2\\*\sl~5\0\\	6wB<|zC\]Z	dVQfɰM	\Gp񏃦B|M\"\-BмUwR\%\\Z`۽$KN\ѣr\\s,ǨV\4eר:4\\*dHQh_R\\\dj\i#(~0	U_6\58P6\WG\\r\>\\3WO-a,>A$F\U\#X	\+Ǵ{CV|giep\vi6O\\\|}\n遂ZV5mX\\qʼU\öwCDq\Zz$`\rS\"I\[-id\\z,tY\r|\X=Е;\_J\5\\S\/)+ZBE\'s/qYr˭WWe	Ը;N\9T\ϋ\\\n~-eLad4\"LـXb\H>c/\ZT\XTD28Jβ1\\n\\n]K@\^T\Ze6#\-UL\\Rw\\p)Ʊ\\@VɸU8E\\\\'`/V:\nj!\u\B/o]CY\-f\%9v3h%\AM\\e\">s)\h%\0 B\B/Q5ț1h1:$\\n,`̥0\D+*]h8B\[uC9vM\\|$?9\@\5x1Z-5\0皭Xzfe\Zs\0(\j9b(i\جZ\\\*p~-߱;j,)w\A+\9G%lNX}Į#8\'>|٥@[ GjҵK\\\\0Y§io6z\\0d7=5%1C\HGhƄ\\\")-W\Y_\O\e\i:ޟ@\0\0\u77F\</V*c\UePҰԀ \0\0','image/webp','archivo');
/*!40000 ALTER TABLE `imagen` ENABLE KEYS */;
UNLOCK TABLES;

--
-- Table structure for table `proveedor`
--

DROP TABLE IF EXISTS `proveedor`;
/*!40101 SET @saved_cs_client     = @@character_set_client */;
/*!50503 SET character_set_client = utf8mb4 */;
CREATE TABLE `proveedor` (
  `id` varchar(255) NOT NULL,
  `alta` bit(1) NOT NULL,
  `domicilio` varchar(255) DEFAULT NULL,
  `email` varchar(255) DEFAULT NULL,
  `nombre` varchar(255) DEFAULT NULL,
  `password` varchar(255) DEFAULT NULL,
  `rol` varchar(255) DEFAULT NULL,
  `telefono` varchar(255) DEFAULT NULL,
  `calificacion` int DEFAULT NULL,
  `honorario` int DEFAULT NULL,
  `imagen_id` varchar(255) DEFAULT NULL,
  `rubro_id` varchar(255) DEFAULT NULL,
  PRIMARY KEY (`id`),
  KEY `FK7r1fwm75y0otaxmhwse12biko` (`imagen_id`),
  KEY `FK1ppknsquikoif0lnj1ep0vtp9` (`rubro_id`),
  CONSTRAINT `FK1ppknsquikoif0lnj1ep0vtp9` FOREIGN KEY (`rubro_id`) REFERENCES `rubro` (`id`),
  CONSTRAINT `FK7r1fwm75y0otaxmhwse12biko` FOREIGN KEY (`imagen_id`) REFERENCES `imagen` (`id`)
) ENGINE=InnoDB DEFAULT CHARSET=utf8mb4 COLLATE=utf8mb4_0900_ai_ci;
/*!40101 SET character_set_client = @saved_cs_client */;

--
-- Dumping data for table `proveedor`
--

LOCK TABLES `proveedor` WRITE;
/*!40000 ALTER TABLE `proveedor` DISABLE KEYS */;
INSERT INTO `proveedor` VALUES ('0f1c7828-f7a9-436b-926c-1540ac16164e',_binary '','bs as','proveedor1@gmail.com','proveedor1','$2a$10$YNgwHi4mE72.YHvcpnia8OrTtPwN0MRu6TAHT54TWWfSpDaiJYi9m','PROVEEDOR','2213456789',5,2500,'43c61ec1-f860-406a-823f-d32170313734','69e7dbec-7e10-4432-b7e3-26f5aac393a1'),('265a33cd-4c1f-4639-bede-757d69b7f819',_binary '','Mendoza','maria@gmail.com','Maria Vaquez','$2a$10$bwttzPBTzVpjA5J.6fDh4uSe96RQFTUsajBHUc7aTxD9rLtbVx/7G','PROVEEDOR','2213456799',5,1800,'fd1b0f28-e159-479d-bb09-30752433d304','69e7dbec-7e10-4432-b7e3-26f5aac393a1'),('a3e621e7-bee5-4fb2-bc2f-b82fa2e3e7ff',_binary '\0','Mendoza','carlos@gmail.com','Carlos','$2a$10$etjcFbubtVRi9L9Uv.DqV.Oo2vBYrU/mGfH08CgrTkD8XPqBwWH26','PROVEEDOR','2213454321',1,2500,'d37da05c-9684-4a86-9eee-f04c9ac8f337','72151f69-9e66-46b3-9383-b6a2daa9c06e'),('e9ed9a35-5fd3-42f2-a15f-1f525669803e',_binary '\0','Mendoza','fernando@gmail.com','Fernando','$2a$10$P32WObzHEDYDwzRDealEJOFs/aQb0wTrcxeWWd9TFUa0QL.aex50O','PROVEEDOR','22133456765',5,2300,'64c547bc-bd8b-4ff7-ade1-c72dce178cec','72151f69-9e66-46b3-9383-b6a2daa9c06e');
/*!40000 ALTER TABLE `proveedor` ENABLE KEYS */;
UNLOCK TABLES;

--
-- Table structure for table `rubro`
--

DROP TABLE IF EXISTS `rubro`;
/*!40101 SET @saved_cs_client     = @@character_set_client */;
/*!50503 SET character_set_client = utf8mb4 */;
CREATE TABLE `rubro` (
  `id` varchar(255) NOT NULL,
  `rubro` varchar(255) DEFAULT NULL,
  `imagen_id` varchar(255) DEFAULT NULL,
  PRIMARY KEY (`id`),
  KEY `FKeoq7t9tbvld3cq86bme7vrbsp` (`imagen_id`),
  CONSTRAINT `FKeoq7t9tbvld3cq86bme7vrbsp` FOREIGN KEY (`imagen_id`) REFERENCES `imagen` (`id`)
) ENGINE=InnoDB DEFAULT CHARSET=utf8mb4 COLLATE=utf8mb4_0900_ai_ci;
/*!40101 SET character_set_client = @saved_cs_client */;

--
-- Dumping data for table `rubro`
--

LOCK TABLES `rubro` WRITE;
/*!40000 ALTER TABLE `rubro` DISABLE KEYS */;
INSERT INTO `rubro` VALUES ('69e7dbec-7e10-4432-b7e3-26f5aac393a1','Electricista','1cee82e2-c473-4c87-b4cb-8f6f19cf44ba'),('72151f69-9e66-46b3-9383-b6a2daa9c06e','Mecanico','7495c84e-cb4a-4b8c-b6d5-60f4aca44a02'),('8e3af8dd-4d6a-49c6-bcf6-3b97bea1cbbd','Veterinario','9aeb995d-2cf5-4ebe-ac92-5edc98b5979f'),('9359f78a-8b5b-47c2-8f7d-934993a38933','Jardinero','8fa589a6-c0e9-4e4c-8428-2ba7b6505af1'),('e5ad8fb2-accd-4f79-9009-c19251dd8ea8','Carpintero','6d2426d2-2848-45d8-9fa6-5e2e77d69391'),('ec00d9db-55ec-4930-8e8a-6d963abcf6f4','Plomero','b9ac7fe6-4270-4550-bc76-d4a41cfa6683');
/*!40000 ALTER TABLE `rubro` ENABLE KEYS */;
UNLOCK TABLES;

--
-- Table structure for table `trabajo`
--

DROP TABLE IF EXISTS `trabajo`;
/*!40101 SET @saved_cs_client     = @@character_set_client */;
/*!50503 SET character_set_client = utf8mb4 */;
CREATE TABLE `trabajo` (
  `id` varchar(255) NOT NULL,
  `alta` bit(1) NOT NULL,
  `terminado` bit(1) NOT NULL,
  `proveedor_id` varchar(255) DEFAULT NULL,
  `usuario_id` varchar(255) DEFAULT NULL,
  `comentario` varchar(255) DEFAULT NULL,
  PRIMARY KEY (`id`),
  KEY `FKm44y0tbe5hytsh2xb971a1aa8` (`proveedor_id`),
  CONSTRAINT `FKm44y0tbe5hytsh2xb971a1aa8` FOREIGN KEY (`proveedor_id`) REFERENCES `proveedor` (`id`)
) ENGINE=InnoDB DEFAULT CHARSET=utf8mb4 COLLATE=utf8mb4_0900_ai_ci;
/*!40101 SET character_set_client = @saved_cs_client */;

--
-- Dumping data for table `trabajo`
--

LOCK TABLES `trabajo` WRITE;
/*!40000 ALTER TABLE `trabajo` DISABLE KEYS */;
INSERT INTO `trabajo` VALUES ('01a08231-a6be-49fa-843e-ddf506cf9958',_binary '',_binary '\0','a3e621e7-bee5-4fb2-bc2f-b82fa2e3e7ff','75af4d87-c540-4280-8a72-8dd82436b714',NULL),('0498497d-5b13-45ce-af08-ebb6f7ef5c7b',_binary '\0',_binary '','265a33cd-4c1f-4639-bede-757d69b7f819','9cd960bc-5116-41de-b53a-9833eb7bdb2f','Excelente servicio!'),('06052f3c-b281-40b9-bfe3-36379c9b2c5c',_binary '',_binary '\0','a3e621e7-bee5-4fb2-bc2f-b82fa2e3e7ff','9cd960bc-5116-41de-b53a-9833eb7bdb2f',NULL),('0befe591-ffcb-45ac-a5e2-bb2a00136cc6',_binary '',_binary '\0','a3e621e7-bee5-4fb2-bc2f-b82fa2e3e7ff','9cd960bc-5116-41de-b53a-9833eb7bdb2f',NULL),('18b02022-7411-4907-873d-794613ae9c57',_binary '\0',_binary '\0','265a33cd-4c1f-4639-bede-757d69b7f819','9cd960bc-5116-41de-b53a-9833eb7bdb2f',NULL),('1d2f3fa9-d737-473a-b911-f5c536eee7aa',_binary '\0',_binary '','265a33cd-4c1f-4639-bede-757d69b7f819','9cd960bc-5116-41de-b53a-9833eb7bdb2f',' '),('1f6dee48-db42-4659-a789-8eb7a661ca77',_binary '',_binary '\0','a3e621e7-bee5-4fb2-bc2f-b82fa2e3e7ff','75af4d87-c540-4280-8a72-8dd82436b714',NULL),('3df37968-2cfe-40bd-a2d4-e8bc9edbc6ca',_binary '',_binary '\0','0f1c7828-f7a9-436b-926c-1540ac16164e','9cd960bc-5116-41de-b53a-9833eb7bdb2f',NULL),('3f6a22de-35e9-4d1d-83b0-b8de70bf2954',_binary '\0',_binary '','a3e621e7-bee5-4fb2-bc2f-b82fa2e3e7ff','9cd960bc-5116-41de-b53a-9833eb7bdb2f',' '),('40a0fc86-fe3c-4ed7-b3b9-0ff9bed737c3',_binary '',_binary '\0','e9ed9a35-5fd3-42f2-a15f-1f525669803e','75af4d87-c540-4280-8a72-8dd82436b714',NULL),('48198459-71c7-4057-b2d3-adadf0b5db5f',_binary '',_binary '\0','e9ed9a35-5fd3-42f2-a15f-1f525669803e','75af4d87-c540-4280-8a72-8dd82436b714',NULL),('5787d355-38ad-4612-95e2-02f409b5d209',_binary '',_binary '','265a33cd-4c1f-4639-bede-757d69b7f819','75af4d87-c540-4280-8a72-8dd82436b714',NULL),('59cd3178-8345-4aa1-a714-65ec77850425',_binary '\0',_binary '','a3e621e7-bee5-4fb2-bc2f-b82fa2e3e7ff','9cd960bc-5116-41de-b53a-9833eb7bdb2f',NULL),('5ae61221-dd2b-44ae-9576-cf01c7c5d8f8',_binary '\0',_binary '\0','265a33cd-4c1f-4639-bede-757d69b7f819','9cd960bc-5116-41de-b53a-9833eb7bdb2f',NULL),('63018a5a-fbf7-49e9-abda-93bc41bef745',_binary '\0',_binary '','e9ed9a35-5fd3-42f2-a15f-1f525669803e','9cd960bc-5116-41de-b53a-9833eb7bdb2f',' '),('63753fdf-82ab-47b9-8e0f-5df08f6cf12c',_binary '',_binary '\0','e9ed9a35-5fd3-42f2-a15f-1f525669803e','9cd960bc-5116-41de-b53a-9833eb7bdb2f',NULL),('6fa5fb9e-7511-49fa-8452-a602d102ebd9',_binary '\0',_binary '\0','e9ed9a35-5fd3-42f2-a15f-1f525669803e','9cd960bc-5116-41de-b53a-9833eb7bdb2f',NULL),('7650f3be-10ab-4df4-b7c7-b7013295a3af',_binary '\0',_binary '','265a33cd-4c1f-4639-bede-757d69b7f819','9cd960bc-5116-41de-b53a-9833eb7bdb2f',' '),('8380a2e2-6e99-466b-bc8d-70fd3d551337',_binary '',_binary '\0','0f1c7828-f7a9-436b-926c-1540ac16164e','9cd960bc-5116-41de-b53a-9833eb7bdb2f',NULL),('86e00b1f-6a64-40ac-8944-040f23b088cb',_binary '',_binary '\0','0f1c7828-f7a9-436b-926c-1540ac16164e','9cd960bc-5116-41de-b53a-9833eb7bdb2f',NULL),('9835d46e-765d-460f-a55a-23a53ef8d2f2',_binary '',_binary '\0','a3e621e7-bee5-4fb2-bc2f-b82fa2e3e7ff','9cd960bc-5116-41de-b53a-9833eb7bdb2f',NULL),('9af53802-a75d-413e-a9c7-469ad50f7985',_binary '\0',_binary '','a3e621e7-bee5-4fb2-bc2f-b82fa2e3e7ff','9cd960bc-5116-41de-b53a-9833eb7bdb2f',' '),('a7668034-dfbc-496d-bd8a-9e5609fdef5e',_binary '',_binary '\0','e9ed9a35-5fd3-42f2-a15f-1f525669803e','75af4d87-c540-4280-8a72-8dd82436b714',NULL),('a8ca49a5-371c-4ca4-b654-f2fecbe16fcb',_binary '',_binary '\0','a3e621e7-bee5-4fb2-bc2f-b82fa2e3e7ff','75af4d87-c540-4280-8a72-8dd82436b714',NULL),('c4c636cd-2eb5-47ff-bdbd-9702286b2953',_binary '',_binary '\0','0f1c7828-f7a9-436b-926c-1540ac16164e','75af4d87-c540-4280-8a72-8dd82436b714',NULL),('d54149c2-be06-4cc1-9447-b3808a407672',_binary '\0',_binary '','a3e621e7-bee5-4fb2-bc2f-b82fa2e3e7ff','9cd960bc-5116-41de-b53a-9833eb7bdb2f',NULL),('d6e857bf-0c28-4194-aed2-e624d9a86172',_binary '',_binary '\0','265a33cd-4c1f-4639-bede-757d69b7f819','9cd960bc-5116-41de-b53a-9833eb7bdb2f',NULL),('e88d5b09-6c33-4b7f-a02c-018d22f420c7',_binary '\0',_binary '','0f1c7828-f7a9-436b-926c-1540ac16164e','75af4d87-c540-4280-8a72-8dd82436b714',' '),('eca2d798-91c9-4b09-b65c-86680070fad3',_binary '',_binary '\0','0f1c7828-f7a9-436b-926c-1540ac16164e','75af4d87-c540-4280-8a72-8dd82436b714',NULL),('fb9cd828-6a95-4d3b-bd29-230bd6137370',_binary '',_binary '\0','e9ed9a35-5fd3-42f2-a15f-1f525669803e','9cd960bc-5116-41de-b53a-9833eb7bdb2f',NULL),('fc995a79-abab-44e5-b8a9-9b612e54e7bc',_binary '\0',_binary '','e9ed9a35-5fd3-42f2-a15f-1f525669803e','9cd960bc-5116-41de-b53a-9833eb7bdb2f',' ');
/*!40000 ALTER TABLE `trabajo` ENABLE KEYS */;
UNLOCK TABLES;

--
-- Table structure for table `usuario`
--

DROP TABLE IF EXISTS `usuario`;
/*!40101 SET @saved_cs_client     = @@character_set_client */;
/*!50503 SET character_set_client = utf8mb4 */;
CREATE TABLE `usuario` (
  `id` varchar(255) NOT NULL,
  `alta` bit(1) NOT NULL,
  `domicilio` varchar(255) DEFAULT NULL,
  `email` varchar(255) DEFAULT NULL,
  `nombre` varchar(255) DEFAULT NULL,
  `password` varchar(255) DEFAULT NULL,
  `rol` varchar(255) DEFAULT NULL,
  `telefono` varchar(255) DEFAULT NULL,
  PRIMARY KEY (`id`)
) ENGINE=InnoDB DEFAULT CHARSET=utf8mb4 COLLATE=utf8mb4_0900_ai_ci;
/*!40101 SET character_set_client = @saved_cs_client */;

--
-- Dumping data for table `usuario`
--

LOCK TABLES `usuario` WRITE;
/*!40000 ALTER TABLE `usuario` DISABLE KEYS */;
INSERT INTO `usuario` VALUES ('75af4d87-c540-4280-8a72-8dd82436b714',_binary '','lp','usuario1@gmail.com','usuario1','$2a$10$J5.88R8TJURpEMTofzlOluL9g7vkyi6vW4VcjCs2h8o7XGbJuAIXq','USER','221345679'),('9cd960bc-5116-41de-b53a-9833eb7bdb2f',_binary '','Mendoza','mario@gmail.com','Mario','$2a$10$xjzlj0DCOFlq0z.hmcJqk.6WqIPoW4ByFAQVTl4bsxY78Y7zX59RK','USER','2214587979'),('fa97cd87-e912-4411-ad9d-5d9144997506',_binary '\0','admin','admin@gmail.com','Admin','$2a$10$AeJYKO.51x6D8Qumgh50.eqmO1mfQiQNyffKCxFMVXicDn/Vv05a6','ADMIN','221345356');
/*!40000 ALTER TABLE `usuario` ENABLE KEYS */;
UNLOCK TABLES;

--
-- Dumping events for database 'servicioschacra'
--

--
-- Dumping routines for database 'servicioschacra'
--
/*!40103 SET TIME_ZONE=@OLD_TIME_ZONE */;

/*!40101 SET SQL_MODE=@OLD_SQL_MODE */;
/*!40014 SET FOREIGN_KEY_CHECKS=@OLD_FOREIGN_KEY_CHECKS */;
/*!40014 SET UNIQUE_CHECKS=@OLD_UNIQUE_CHECKS */;
/*!40101 SET CHARACTER_SET_CLIENT=@OLD_CHARACTER_SET_CLIENT */;
/*!40101 SET CHARACTER_SET_RESULTS=@OLD_CHARACTER_SET_RESULTS */;
/*!40101 SET COLLATION_CONNECTION=@OLD_COLLATION_CONNECTION */;
/*!40111 SET SQL_NOTES=@OLD_SQL_NOTES */;

-- Dump completed on 2024-01-20 14:45:50
